"type","dist","sd.trend","sd.cluster","K","LB","mean","UB"
"cluster","Data",0.2,0.1,3,0.984008300956836,0.985485271241061,0.987219833884308
"cluster","Data",0.2,0.1,5,0.98716374996324,0.988165355621344,0.989334036727761
"cluster","Data",0.2,0.15,3,0.964634570844412,0.967875602778189,0.972024996041854
"cluster","Data",0.2,0.15,5,0.971347116966726,0.973549716426889,0.976105821044401
"cluster","Data",0.2,0.2,3,0.937505412299655,0.943177451387526,0.949768206976203
"cluster","Data",0.2,0.2,5,0.949667741291692,0.953705142281563,0.958589628989301
"cluster","Data",0.2,0.25,3,0.906805888061593,0.915281848420619,0.926217172227199
"cluster","Data",0.2,0.25,5,0.921045544803512,0.928005552189987,0.937036788783723
"cluster","Data",0.2,0.3,3,0.869952140979159,0.881691711354536,0.897763053581856
"cluster","Data",0.2,0.3,5,0.891991480234803,0.900887046127889,0.912800610305514
"cluster","Data",0.2,0.35,3,0.826161263267596,0.842899639270907,0.865633931763011
"cluster","Data",0.2,0.35,5,0.861367101321859,0.873948822493291,0.889798794843767
"cluster","Data",0.2,0.4,3,0.786458127676074,0.80533077709433,0.833164876797827
"cluster","Data",0.2,0.4,5,0.833343836219455,0.848545440322329,0.867319231522653
"cluster","Data",0.25,0.1,3,0.984168655398567,0.985563805269513,0.987274789903518
"cluster","Data",0.25,0.1,5,0.987222674023497,0.988224145160161,0.989404087344169
"cluster","Data",0.25,0.15,3,0.964397147640196,0.967736728234182,0.971923648476413
"cluster","Data",0.25,0.15,5,0.971355464871443,0.973604017125252,0.976391889690438
"cluster","Data",0.25,0.2,3,0.937917568529134,0.943960185919561,0.951216457120775
"cluster","Data",0.25,0.2,5,0.94975013152177,0.953734094168201,0.958801312473057
"cluster","Data",0.25,0.25,3,0.906879568804366,0.915285761642581,0.925371104910494
"cluster","Data",0.25,0.25,5,0.922220323825036,0.928457565962479,0.936417221822726
"cluster","Data",0.25,0.3,3,0.870149694798431,0.881938917377111,0.897837772007687
"cluster","Data",0.25,0.3,5,0.892162579604503,0.901122530816253,0.912438392462383
"cluster","Data",0.25,0.35,3,0.829494742893572,0.845088384711781,0.867498447094837
"cluster","Data",0.25,0.35,5,0.862700386065899,0.875372599834961,0.891403443126469
"cluster","Data",0.25,0.4,3,0.786809583119864,0.806029564365137,0.833460982297793
"cluster","Data",0.25,0.4,5,0.836361891536449,0.850393150008309,0.867982168269145
"cluster","Data",0.3,0.1,3,0.983870180393103,0.985465150667042,0.987270145789319
"cluster","Data",0.3,0.1,5,0.987170161168734,0.988215222765783,0.989390751872818
"cluster","Data",0.3,0.15,3,0.964400790377929,0.967871466582057,0.971839231446137
"cluster","Data",0.3,0.15,5,0.971240209561553,0.973288064347895,0.9762976463529
"cluster","Data",0.3,0.2,3,0.938387024263344,0.944091056136845,0.951140681084185
"cluster","Data",0.3,0.2,5,0.948329214836657,0.952938704424906,0.958490003706062
"cluster","Data",0.3,0.25,3,0.905459504245443,0.914289533071512,0.925042541023922
"cluster","Data",0.3,0.25,5,0.921482485632621,0.928622289850807,0.936997496839022
"cluster","Data",0.3,0.3,3,0.868386630244681,0.881006726451531,0.897502645508177
"cluster","Data",0.3,0.3,5,0.892602671295882,0.901568882750657,0.912567969985949
"cluster","Data",0.3,0.35,3,0.826253155840073,0.842336546863343,0.864746015987119
"cluster","Data",0.3,0.35,5,0.860414828838175,0.872562519205787,0.887619646750573
"cluster","Data",0.3,0.4,3,0.789048336525734,0.807786212262691,0.834328680949605
"cluster","Data",0.3,0.4,5,0.835142829010828,0.849969379692686,0.867547604796859
"cluster","Data",0.35,0.1,3,0.984038391913858,0.985615111209088,0.987328664324564
"cluster","Data",0.35,0.1,5,0.987051121563907,0.988103205242932,0.989258056014581
"cluster","Data",0.35,0.15,3,0.964371008154727,0.967744881443161,0.971852366024565
"cluster","Data",0.35,0.15,5,0.97109264591931,0.973415136726877,0.976290590917025
"cluster","Data",0.35,0.2,3,0.938479856642477,0.944234857982667,0.951670396757867
"cluster","Data",0.35,0.2,5,0.949136391449779,0.95336414515258,0.958559929953642
"cluster","Data",0.35,0.25,3,0.90714251879239,0.915379377506437,0.925753245085414
"cluster","Data",0.35,0.25,5,0.922203141337246,0.928543170288262,0.937158502824957
"cluster","Data",0.35,0.3,3,0.86920876945484,0.88110440196452,0.897166344986063
"cluster","Data",0.35,0.3,5,0.892653154555396,0.901277151923449,0.913829703829792
"cluster","Data",0.35,0.35,3,0.829519275630081,0.843807826469039,0.86627192651323
"cluster","Data",0.35,0.35,5,0.861297233061803,0.873315859271919,0.888916225819724
"cluster","Data",0.35,0.4,3,0.785148187032097,0.806939526358207,0.834459347241005
"cluster","Data",0.35,0.4,5,0.834372653669534,0.848746088408214,0.8665197405142
"cluster","Data",0.4,0.1,3,0.984070307483017,0.98555982536429,0.987316782877126
"cluster","Data",0.4,0.1,5,0.987032886833518,0.988159506803927,0.989368013281443
"cluster","Data",0.4,0.15,3,0.964550662176788,0.967855979801225,0.971880864649414
"cluster","Data",0.4,0.15,5,0.971464631280926,0.973668058118789,0.976300694581781
"cluster","Data",0.4,0.2,3,0.938349962336126,0.944405358491411,0.951401818118988
"cluster","Data",0.4,0.2,5,0.948831477398544,0.953094982259412,0.958265813792469
"cluster","Data",0.4,0.25,3,0.907256315467309,0.91554339358463,0.926167494427561
"cluster","Data",0.4,0.25,5,0.922308523789206,0.928855608229128,0.936699990561596
"cluster","Data",0.4,0.3,3,0.869132152443323,0.881135222216394,0.897618405540882
"cluster","Data",0.4,0.3,5,0.893086048959344,0.902668239317074,0.914566592681098
"cluster","Data",0.4,0.35,3,0.829754542836136,0.845397052379866,0.867895573185778
"cluster","Data",0.4,0.35,5,0.860087526576488,0.874091197263045,0.890675092448346
"cluster","Data",0.4,0.4,3,0.787103590243558,0.80511951200625,0.833484715358265
"cluster","Data",0.4,0.4,5,0.836497313654914,0.850965035461704,0.868687019253457
"cluster","Data",0.45,0.1,3,0.984078976799724,0.985524373741859,0.987245568644533
"cluster","Data",0.45,0.1,5,0.987036140409579,0.98816986257008,0.989437886170135
"cluster","Data",0.45,0.15,3,0.964427862187208,0.968058861836962,0.972261017632601
"cluster","Data",0.45,0.15,5,0.971406050755951,0.973582400535736,0.976157253875115
"cluster","Data",0.45,0.2,3,0.937777465625061,0.94348305219228,0.951069932756893
"cluster","Data",0.45,0.2,5,0.948901616652781,0.953421752983556,0.958833845055662
"cluster","Data",0.45,0.25,3,0.905299452952368,0.914224501651953,0.925008129600267
"cluster","Data",0.45,0.25,5,0.921920564562884,0.928432287968212,0.937496709422643
"cluster","Data",0.45,0.3,3,0.870281790645173,0.88174471036694,0.896795577794537
"cluster","Data",0.45,0.3,5,0.89210815326125,0.90188135261129,0.914175694550857
"cluster","Data",0.45,0.35,3,0.831250283486145,0.845846224243648,0.866353792222775
"cluster","Data",0.45,0.35,5,0.862237752244946,0.874525991363264,0.889530775959033
"cluster","Data",0.45,0.4,3,0.786553989489969,0.806972420757644,0.833899857820725
"cluster","Data",0.45,0.4,5,0.83367736798426,0.849820434200396,0.867995517400319
"cluster","Data",0.5,0.1,3,0.983906938939962,0.9854909897941,0.98741684907461
"cluster","Data",0.5,0.1,5,0.987220133746046,0.988231811637158,0.989425825241439
"cluster","Data",0.5,0.15,3,0.964272462802321,0.967875589065958,0.972063710131114
"cluster","Data",0.5,0.15,5,0.971010856036201,0.973387634371211,0.976148888529969
"cluster","Data",0.5,0.2,3,0.937907715233128,0.944043571005868,0.950819553401514
"cluster","Data",0.5,0.2,5,0.949546725937105,0.953413885430443,0.958417654451246
"cluster","Data",0.5,0.25,3,0.906349389177922,0.915544469773155,0.92608188414772
"cluster","Data",0.5,0.25,5,0.922913942484713,0.928861909832382,0.937512781401104
"cluster","Data",0.5,0.3,3,0.869460526544398,0.880815096985168,0.897024136890307
"cluster","Data",0.5,0.3,5,0.893327941321003,0.90184524818509,0.913847542305252
"cluster","Data",0.5,0.35,3,0.827508704392514,0.842729420633524,0.865137534988797
"cluster","Data",0.5,0.35,5,0.862155540268114,0.874603157460807,0.889818797362883
"cluster","Data",0.5,0.4,3,0.786089641274433,0.8056072291827,0.832763598872875
"cluster","Data",0.5,0.4,5,0.837549661561939,0.850661610723602,0.867523489743573
"cluster","Max(18 Nulls)",0.2,0.1,3,0.865445860587821,0.876943915424727,0.886994668203471
"cluster","Max(18 Nulls)",0.2,0.1,5,0.93288532074587,0.938412295747901,0.9442447657289
"cluster","Max(18 Nulls)",0.2,0.15,3,0.859458934744331,0.871045100169092,0.881381561772296
"cluster","Max(18 Nulls)",0.2,0.15,5,0.926844738483666,0.932356292960716,0.937392078787413
"cluster","Max(18 Nulls)",0.2,0.2,3,0.851580613808509,0.861770351374189,0.871596887228652
"cluster","Max(18 Nulls)",0.2,0.2,5,0.918083699444641,0.924191328641034,0.92953383981121
"cluster","Max(18 Nulls)",0.2,0.25,3,0.840550899923599,0.851985754285542,0.861520778456679
"cluster","Max(18 Nulls)",0.2,0.25,5,0.909564219710538,0.914863644538645,0.920251255175153
"cluster","Max(18 Nulls)",0.2,0.3,3,0.830941460634137,0.842041128607376,0.852127466024085
"cluster","Max(18 Nulls)",0.2,0.3,5,0.899875597252996,0.90601749221787,0.912095211176635
"cluster","Max(18 Nulls)",0.2,0.35,3,0.821071819971858,0.832922862498278,0.843090492215995
"cluster","Max(18 Nulls)",0.2,0.35,5,0.891966781807143,0.898449533468172,0.904564653508706
"cluster","Max(18 Nulls)",0.2,0.4,3,0.811307689988477,0.823695451565145,0.835776953737663
"cluster","Max(18 Nulls)",0.2,0.4,5,0.882653946680172,0.889788674956449,0.897073927820337
"cluster","Max(18 Nulls)",0.25,0.1,3,0.861388093955417,0.873953665487437,0.885683073300297
"cluster","Max(18 Nulls)",0.25,0.1,5,0.927585685506174,0.933681009766728,0.939719291835617
"cluster","Max(18 Nulls)",0.25,0.15,3,0.856562643916551,0.867577853259269,0.877737618295929
"cluster","Max(18 Nulls)",0.25,0.15,5,0.921154191676188,0.926958699543481,0.932737750680851
"cluster","Max(18 Nulls)",0.25,0.2,3,0.847589647894764,0.858853340472168,0.86958499238495
"cluster","Max(18 Nulls)",0.25,0.2,5,0.912972069031043,0.918725435921848,0.924202188101441
"cluster","Max(18 Nulls)",0.25,0.25,3,0.837540898786304,0.848100966531565,0.857734553850253
"cluster","Max(18 Nulls)",0.25,0.25,5,0.903757889436915,0.909709762406533,0.915055280773807
"cluster","Max(18 Nulls)",0.25,0.3,3,0.827600857200371,0.838437061473496,0.848171477064824
"cluster","Max(18 Nulls)",0.25,0.3,5,0.895429711612305,0.901409251527,0.907147410783161
"cluster","Max(18 Nulls)",0.25,0.35,3,0.816695082734018,0.828139997731873,0.83837905254178
"cluster","Max(18 Nulls)",0.25,0.35,5,0.886382880682253,0.893066008888911,0.899631556501614
"cluster","Max(18 Nulls)",0.25,0.4,3,0.805332002538538,0.818326424110466,0.830385719013405
"cluster","Max(18 Nulls)",0.25,0.4,5,0.878688599796748,0.885270617165328,0.891533661429889
"cluster","Max(18 Nulls)",0.3,0.1,3,0.858388086314901,0.87060160851828,0.880738748786288
"cluster","Max(18 Nulls)",0.3,0.1,5,0.921885629931575,0.928588429072933,0.93505384711756
"cluster","Max(18 Nulls)",0.3,0.15,3,0.853795456046385,0.864957731062338,0.875409967585327
"cluster","Max(18 Nulls)",0.3,0.15,5,0.916730725546162,0.923175702680997,0.929206634430242
"cluster","Max(18 Nulls)",0.3,0.2,3,0.844100715365803,0.856005614260936,0.86672062715563
"cluster","Max(18 Nulls)",0.3,0.2,5,0.90837519959253,0.914084819688051,0.919664957548105
"cluster","Max(18 Nulls)",0.3,0.25,3,0.832572368866383,0.843781473735492,0.853799201637757
"cluster","Max(18 Nulls)",0.3,0.25,5,0.898911458176465,0.905065861332394,0.911033677762305
"cluster","Max(18 Nulls)",0.3,0.3,3,0.823255834393117,0.83426690232774,0.844740339843792
"cluster","Max(18 Nulls)",0.3,0.3,5,0.890217000201335,0.896731276752154,0.902761420990679
"cluster","Max(18 Nulls)",0.3,0.35,3,0.810999604414258,0.822915409683127,0.834972033540224
"cluster","Max(18 Nulls)",0.3,0.35,5,0.881470358143437,0.88815428308491,0.894421456907068
"cluster","Max(18 Nulls)",0.3,0.4,3,0.800382448114621,0.813006617080575,0.823881851931483
"cluster","Max(18 Nulls)",0.3,0.4,5,0.873221984577155,0.880480957149864,0.887822935871226
"cluster","Max(18 Nulls)",0.35,0.1,3,0.855304787913964,0.868394612123949,0.880190499972232
"cluster","Max(18 Nulls)",0.35,0.1,5,0.917874222987876,0.924464970266212,0.930800069733606
"cluster","Max(18 Nulls)",0.35,0.15,3,0.84775152467201,0.861169536581366,0.873433331939231
"cluster","Max(18 Nulls)",0.35,0.15,5,0.911760655488059,0.918467782256112,0.924453584076875
"cluster","Max(18 Nulls)",0.35,0.2,3,0.841715032611928,0.853205862254081,0.864886529323919
"cluster","Max(18 Nulls)",0.35,0.2,5,0.9035010530593,0.910119307237,0.916441919755185
"cluster","Max(18 Nulls)",0.35,0.25,3,0.830666885675302,0.842518154495976,0.85368085021292
"cluster","Max(18 Nulls)",0.35,0.25,5,0.894891705113775,0.900931318360451,0.906890134919207
"cluster","Max(18 Nulls)",0.35,0.3,3,0.818263084840896,0.829792663213695,0.84052434331424
"cluster","Max(18 Nulls)",0.35,0.3,5,0.885731474483629,0.892212123746163,0.898271997921689
"cluster","Max(18 Nulls)",0.35,0.35,3,0.80671478294594,0.819108206970209,0.830460721659364
"cluster","Max(18 Nulls)",0.35,0.35,5,0.876026003206276,0.88346324294673,0.890566608360815
"cluster","Max(18 Nulls)",0.35,0.4,3,0.796513155471777,0.809157971838518,0.820131263043154
"cluster","Max(18 Nulls)",0.35,0.4,5,0.867918959421211,0.875368726094145,0.882274704232122
"cluster","Max(18 Nulls)",0.4,0.1,3,0.852582496858795,0.865891966648928,0.878329183126234
"cluster","Max(18 Nulls)",0.4,0.1,5,0.913228865544277,0.919988752039297,0.926726846190536
"cluster","Max(18 Nulls)",0.4,0.15,3,0.845341210299623,0.858465576312342,0.870252876962813
"cluster","Max(18 Nulls)",0.4,0.15,5,0.90748684304364,0.914134419518446,0.920498429701796
"cluster","Max(18 Nulls)",0.4,0.2,3,0.836583918684636,0.849982673452225,0.862484000992555
"cluster","Max(18 Nulls)",0.4,0.2,5,0.899628334966704,0.906404288763733,0.912826564185028
"cluster","Max(18 Nulls)",0.4,0.25,3,0.827218135567577,0.839747328564471,0.851285065437265
"cluster","Max(18 Nulls)",0.4,0.25,5,0.890559016874462,0.897023421998365,0.903090317189534
"cluster","Max(18 Nulls)",0.4,0.3,3,0.81581890309609,0.827604508832599,0.838344112387489
"cluster","Max(18 Nulls)",0.4,0.3,5,0.881138112350391,0.887933920377872,0.894568922068805
"cluster","Max(18 Nulls)",0.4,0.35,3,0.8035250391414,0.815622910138672,0.82713407459222
"cluster","Max(18 Nulls)",0.4,0.35,5,0.871967463821022,0.879020841041236,0.885620589956794
"cluster","Max(18 Nulls)",0.4,0.4,3,0.791675663630945,0.805060758718914,0.816715737962272
"cluster","Max(18 Nulls)",0.4,0.4,5,0.864687034550007,0.871972041185465,0.87853581695622
"cluster","Max(18 Nulls)",0.45,0.1,3,0.850125467847603,0.864403502739329,0.878396461934325
"cluster","Max(18 Nulls)",0.45,0.1,5,0.909924853134238,0.917058951156113,0.923665339268515
"cluster","Max(18 Nulls)",0.45,0.15,3,0.843646980764751,0.857977450438449,0.869864385419752
"cluster","Max(18 Nulls)",0.45,0.15,5,0.903717143651856,0.910780899822785,0.917262606633517
"cluster","Max(18 Nulls)",0.45,0.2,3,0.833506365988021,0.847213960851521,0.860400771817305
"cluster","Max(18 Nulls)",0.45,0.2,5,0.897032461405477,0.903300419408529,0.909682998461068
"cluster","Max(18 Nulls)",0.45,0.25,3,0.823287272241184,0.835782967253747,0.847215086016033
"cluster","Max(18 Nulls)",0.45,0.25,5,0.886148118901114,0.893196301320566,0.899472074500494
"cluster","Max(18 Nulls)",0.45,0.3,3,0.810723913923935,0.822918639541309,0.834775359688217
"cluster","Max(18 Nulls)",0.45,0.3,5,0.877114205617498,0.88420216815943,0.890728506446626
"cluster","Max(18 Nulls)",0.45,0.35,3,0.798954661234579,0.811678522062061,0.823855862298287
"cluster","Max(18 Nulls)",0.45,0.35,5,0.868161548781467,0.875674667811845,0.882573402293707
"cluster","Max(18 Nulls)",0.45,0.4,3,0.788310947789984,0.800813101348917,0.812671549660085
"cluster","Max(18 Nulls)",0.45,0.4,5,0.860186671147599,0.867656478456109,0.874803836506415
"cluster","Max(18 Nulls)",0.5,0.1,3,0.846539898443745,0.861361550903741,0.87557819546846
"cluster","Max(18 Nulls)",0.5,0.1,5,0.906236653314811,0.913995833911773,0.921374738967112
"cluster","Max(18 Nulls)",0.5,0.15,3,0.839629370647166,0.854474176607394,0.868083333734702
"cluster","Max(18 Nulls)",0.5,0.15,5,0.900234271538795,0.907753067717499,0.915221474047139
"cluster","Max(18 Nulls)",0.5,0.2,3,0.832738146726094,0.845863380689906,0.859453268053267
"cluster","Max(18 Nulls)",0.5,0.2,5,0.893051588613134,0.899921644727815,0.906953397096708
"cluster","Max(18 Nulls)",0.5,0.25,3,0.820586769606436,0.834020786148628,0.847579416522205
"cluster","Max(18 Nulls)",0.5,0.25,5,0.88296024249456,0.889973525893402,0.897011934361574
"cluster","Max(18 Nulls)",0.5,0.3,3,0.809484758727739,0.821840887231304,0.833599480385348
"cluster","Max(18 Nulls)",0.5,0.3,5,0.873951201322545,0.880951537300879,0.888032527607926
"cluster","Max(18 Nulls)",0.5,0.35,3,0.795405260912998,0.807739748182811,0.820147596787392
"cluster","Max(18 Nulls)",0.5,0.35,5,0.864537435484275,0.872165178319827,0.878884965040929
"cluster","Max(18 Nulls)",0.5,0.4,3,0.782790210940737,0.796228731366498,0.809251378464719
"cluster","Max(18 Nulls)",0.5,0.4,5,0.856292247566941,0.863656361302841,0.870509452588977
"gini","Data",0.2,0.1,3,0.896501669327914,0.904595906149737,0.918246588576259
"gini","Data",0.2,0.1,5,0.973055179880137,0.974913152668058,0.977459939432949
"gini","Data",0.2,0.15,3,0.896501669327914,0.9042640863675,0.917345133420099
"gini","Data",0.2,0.15,5,0.973119508059685,0.974901223896516,0.977663063517631
"gini","Data",0.2,0.2,3,0.896501669327914,0.90496541207299,0.918246588576259
"gini","Data",0.2,0.2,5,0.972132350012244,0.974254920292313,0.97731699446619
"gini","Data",0.2,0.25,3,0.898243576716505,0.905216474957754,0.918246588576259
"gini","Data",0.2,0.25,5,0.970712812076619,0.973052460363771,0.976733897725673
"gini","Data",0.2,0.3,3,0.898243576716505,0.905260283269462,0.918246588576259
"gini","Data",0.2,0.3,5,0.969559856600843,0.971977607991693,0.976579444890846
"gini","Data",0.2,0.35,3,0.893961927424152,0.901647838934919,0.918246588576259
"gini","Data",0.2,0.35,5,0.966274851175306,0.969930612172755,0.97604303496591
"gini","Data",0.2,0.4,3,0.89128494943486,0.899687130405869,0.917178638941399
"gini","Data",0.2,0.4,5,0.9640223678079,0.96841102727532,0.975333910831499
"gini","Data",0.25,0.1,3,0.898243576716505,0.905116097875375,0.919305293005671
"gini","Data",0.25,0.1,5,0.972866935572748,0.974790047464908,0.977441754646594
"gini","Data",0.25,0.15,3,0.896501669327914,0.904851529034599,0.917358979206049
"gini","Data",0.25,0.15,5,0.972993197278912,0.974775983867462,0.977518445467163
"gini","Data",0.25,0.2,3,0.894854253420583,0.904450732393054,0.917178638941399
"gini","Data",0.25,0.2,5,0.972330944758759,0.974442307685071,0.977319862721375
"gini","Data",0.25,0.25,3,0.894854253420583,0.904559528506423,0.918246588576259
"gini","Data",0.25,0.25,5,0.97127064934215,0.973387130976487,0.977093371464724
"gini","Data",0.25,0.3,3,0.894854253420583,0.904265645296443,0.918246588576259
"gini","Data",0.25,0.3,5,0.969003287152216,0.971669625106716,0.976587695593756
"gini","Data",0.25,0.35,3,0.894132653061224,0.90285159611634,0.918246588576259
"gini","Data",0.25,0.35,5,0.967397193219967,0.970569864147986,0.976188038737946
"gini","Data",0.25,0.4,3,0.893017854550733,0.900790736854267,0.918246588576259
"gini","Data",0.25,0.4,5,0.963763106459872,0.968103346864297,0.975254008925823
"gini","Data",0.3,0.1,3,0.898384353741497,0.905721386621925,0.919305293005671
"gini","Data",0.3,0.1,5,0.973004944085187,0.974802547783683,0.977480564368749
"gini","Data",0.3,0.15,3,0.898384353741497,0.906513720933978,0.919305293005671
"gini","Data",0.3,0.15,5,0.972791181873832,0.974716436975203,0.977513573888119
"gini","Data",0.3,0.2,3,0.898243576716505,0.905869009922845,0.918246588576259
"gini","Data",0.3,0.2,5,0.971814271826569,0.97411304951659,0.977230010180907
"gini","Data",0.3,0.25,3,0.898243576716505,0.905317183214373,0.918246588576259
"gini","Data",0.3,0.25,5,0.971285082660515,0.973312425640836,0.977368685035259
"gini","Data",0.3,0.3,3,0.894854253420583,0.904439551817001,0.918246588576259
"gini","Data",0.3,0.3,5,0.969426339313038,0.972010721783227,0.976807104584296
"gini","Data",0.3,0.35,3,0.893961927424152,0.901805190275862,0.917100242802636
"gini","Data",0.3,0.35,5,0.967727153908409,0.970147530870581,0.975740695604025
"gini","Data",0.3,0.4,3,0.89128494943486,0.899624761039447,0.917100242802636
"gini","Data",0.3,0.4,5,0.964658635061879,0.96823954920762,0.975067840378098
"gini","Data",0.35,0.1,3,0.898219719574415,0.905639569736264,0.918246588576259
"gini","Data",0.35,0.1,5,0.972624798711755,0.974692473912016,0.977546624231016
"gini","Data",0.35,0.15,3,0.896501669327914,0.904848629925029,0.918246588576259
"gini","Data",0.35,0.15,5,0.972947175836817,0.974977930139265,0.977590581065834
"gini","Data",0.35,0.2,3,0.898219719574415,0.905188760798282,0.918246588576259
"gini","Data",0.35,0.2,5,0.972452634555566,0.974367954294025,0.977319944598338
"gini","Data",0.35,0.25,3,0.898243576716505,0.905402265156028,0.917178638941399
"gini","Data",0.35,0.25,5,0.971035898242506,0.973230378345642,0.977183352758563
"gini","Data",0.35,0.3,3,0.893961927424152,0.90386274679914,0.918246588576259
"gini","Data",0.35,0.3,5,0.969560065222317,0.971959958407589,0.976807888970051
"gini","Data",0.35,0.35,3,0.894546860921049,0.902708264897283,0.917844616856202
"gini","Data",0.35,0.35,5,0.966942806496213,0.969897830196586,0.976007099346324
"gini","Data",0.35,0.4,3,0.888180272108844,0.899008422367648,0.916699372056515
"gini","Data",0.35,0.4,5,0.964473186264744,0.968449947986132,0.975206199407869
"gini","Data",0.4,0.1,3,0.898243576716505,0.9057251978607,0.9189453125
"gini","Data",0.4,0.1,5,0.972979953056146,0.97482270947094,0.977299444635575
"gini","Data",0.4,0.15,3,0.898243576716505,0.905487711995946,0.918421269557194
"gini","Data",0.4,0.15,5,0.973145753740615,0.97481731603975,0.977461728395062
"gini","Data",0.4,0.2,3,0.896501669327914,0.904911333973547,0.918246588576259
"gini","Data",0.4,0.2,5,0.972468001667499,0.974380527659234,0.977303703703704
"gini","Data",0.4,0.25,3,0.896501669327914,0.905264911055458,0.918246588576259
"gini","Data",0.4,0.25,5,0.971306214847488,0.973399028091779,0.977053718318386
"gini","Data",0.4,0.3,3,0.896501669327914,0.90418961588919,0.9189453125
"gini","Data",0.4,0.3,5,0.969523992923158,0.971908723119303,0.976390018546562
"gini","Data",0.4,0.35,3,0.896089815351081,0.904255531473438,0.919305293005671
"gini","Data",0.4,0.35,5,0.966617659582354,0.970006422446557,0.97580812367492
"gini","Data",0.4,0.4,3,0.890717878372199,0.899903373141114,0.917178638941399
"gini","Data",0.4,0.4,5,0.965521918402778,0.969640250340707,0.975605358402118
"gini","Data",0.45,0.1,3,0.898243576716505,0.904869277622563,0.918246588576259
"gini","Data",0.45,0.1,5,0.97269999946621,0.974707318434518,0.977419483418367
"gini","Data",0.45,0.15,3,0.898384353741497,0.90632403875264,0.918246588576259
"gini","Data",0.45,0.15,5,0.972910264608074,0.974887467601207,0.977517591197727
"gini","Data",0.45,0.2,3,0.896501669327914,0.904084213636398,0.917100242802636
"gini","Data",0.45,0.2,5,0.972215204473851,0.974457520411061,0.977391371848862
"gini","Data",0.45,0.25,3,0.896501669327914,0.904736585716177,0.918246588576259
"gini","Data",0.45,0.25,5,0.970942139062263,0.973057042330378,0.976923406377398
"gini","Data",0.45,0.3,3,0.896501669327914,0.903978192916311,0.918246588576259
"gini","Data",0.45,0.3,5,0.969289274812359,0.97181007804657,0.976638479965603
"gini","Data",0.45,0.35,3,0.894671280276817,0.902498672760554,0.918246588576259
"gini","Data",0.45,0.35,5,0.966812204836702,0.970297226835917,0.975853961371467
"gini","Data",0.45,0.4,3,0.893961927424152,0.900558954133888,0.91727173430809
"gini","Data",0.45,0.4,5,0.964612382210987,0.968550996948423,0.975429453334864
"gini","Data",0.5,0.1,3,0.896501669327914,0.905107527564596,0.918246588576259
"gini","Data",0.5,0.1,5,0.972779637810719,0.974675833857118,0.97737962372449
"gini","Data",0.5,0.15,3,0.894854253420583,0.905135920670476,0.918246588576259
"gini","Data",0.5,0.15,5,0.972822840168397,0.974746792156894,0.977303703703704
"gini","Data",0.5,0.2,3,0.898384353741497,0.906185929030636,0.918246588576259
"gini","Data",0.5,0.2,5,0.972420209400087,0.974373573364705,0.977419922536151
"gini","Data",0.5,0.25,3,0.896501669327914,0.905426301318002,0.918246588576259
"gini","Data",0.5,0.25,5,0.971755765023959,0.973671479152869,0.977084615203118
"gini","Data",0.5,0.3,3,0.894854253420583,0.904002189918391,0.917178638941399
"gini","Data",0.5,0.3,5,0.969085970365329,0.971930977361991,0.976659878639592
"gini","Data",0.5,0.35,3,0.893961927424152,0.901444521097201,0.917178638941399
"gini","Data",0.5,0.35,5,0.966520513489883,0.970089383989809,0.976120497904547
"gini","Data",0.5,0.4,3,0.890717878372199,0.899506695476542,0.917858462642151
"gini","Data",0.5,0.4,5,0.963986194289339,0.96849929532274,0.975514008356589
"gini","Max(18 Nulls)",0.2,0.1,3,0.777548209366391,0.797290667842911,0.828125
"gini","Max(18 Nulls)",0.2,0.1,5,0.937564482100506,0.943882323653447,0.952036150001651
"gini","Max(18 Nulls)",0.2,0.15,3,0.790284519502112,0.809001975522161,0.837384259259259
"gini","Max(18 Nulls)",0.2,0.15,5,0.940248879623854,0.946059510535072,0.95353021493409
"gini","Max(18 Nulls)",0.2,0.2,3,0.800389273356401,0.817358411490772,0.843498904309715
"gini","Max(18 Nulls)",0.2,0.2,5,0.941258240681995,0.946701815865609,0.954323470267165
"gini","Max(18 Nulls)",0.2,0.25,3,0.801836734693878,0.820619175321633,0.846933333333333
"gini","Max(18 Nulls)",0.2,0.25,5,0.941143889457489,0.946846468254834,0.954219595134428
"gini","Max(18 Nulls)",0.2,0.3,3,0.800389273356401,0.815501567150959,0.841715976331361
"gini","Max(18 Nulls)",0.2,0.3,5,0.939059700252915,0.944944766866815,0.95262589074597
"gini","Max(18 Nulls)",0.2,0.35,3,0.790376475829806,0.811477546725905,0.839181835241133
"gini","Max(18 Nulls)",0.2,0.35,5,0.937441308653839,0.942879552599491,0.950984935367444
"gini","Max(18 Nulls)",0.2,0.4,3,0.782356872354645,0.803046397210315,0.829994048799841
"gini","Max(18 Nulls)",0.2,0.4,5,0.933528292127256,0.939881185944908,0.949168130706154
"gini","Max(18 Nulls)",0.25,0.1,3,0.773694259140642,0.791323634955077,0.820204081632653
"gini","Max(18 Nulls)",0.25,0.1,5,0.937534462164256,0.943306916217311,0.951581954533328
"gini","Max(18 Nulls)",0.25,0.15,3,0.777548209366391,0.801005582074856,0.829994048799841
"gini","Max(18 Nulls)",0.25,0.15,5,0.938462259770059,0.944426562847232,0.952820993200358
"gini","Max(18 Nulls)",0.25,0.2,3,0.790376475829806,0.80976070380424,0.838541666666667
"gini","Max(18 Nulls)",0.25,0.2,5,0.939749404365907,0.945632508925281,0.952934428209154
"gini","Max(18 Nulls)",0.25,0.25,3,0.800389273356401,0.816441004478219,0.843498904309715
"gini","Max(18 Nulls)",0.25,0.25,5,0.940679522497704,0.945806651393881,0.95402629129722
"gini","Max(18 Nulls)",0.25,0.3,3,0.796471329552615,0.813259079231232,0.843498904309715
"gini","Max(18 Nulls)",0.25,0.3,5,0.940085643779939,0.94536350799254,0.953150734404374
"gini","Max(18 Nulls)",0.25,0.35,3,0.790376475829806,0.80822716087069,0.837384259259259
"gini","Max(18 Nulls)",0.25,0.35,5,0.935780852708017,0.942021459741822,0.95089408206998
"gini","Max(18 Nulls)",0.25,0.4,3,0.777548209366391,0.799080372483756,0.828774238227147
"gini","Max(18 Nulls)",0.25,0.4,5,0.932639139438395,0.939730191007424,0.949488731575527
"gini","Max(18 Nulls)",0.3,0.1,3,0.763076923076923,0.785727871251707,0.816530612244898
"gini","Max(18 Nulls)",0.3,0.1,5,0.93468112400151,0.940845721647773,0.949631019122398
"gini","Max(18 Nulls)",0.3,0.15,3,0.773415977961432,0.792501972533299,0.822994213447107
"gini","Max(18 Nulls)",0.3,0.15,5,0.937510310876466,0.943658754058891,0.9525
"gini","Max(18 Nulls)",0.3,0.2,3,0.777548209366391,0.799975296311786,0.832426346406455
"gini","Max(18 Nulls)",0.3,0.2,5,0.93863025675792,0.944537840629709,0.952541405122082
"gini","Max(18 Nulls)",0.3,0.25,3,0.790008650519031,0.80880109670349,0.838435416666667
"gini","Max(18 Nulls)",0.3,0.25,5,0.939603532017472,0.945151395250345,0.953654765048707
"gini","Max(18 Nulls)",0.3,0.3,3,0.790284519502112,0.809531935060935,0.840200831024931
"gini","Max(18 Nulls)",0.3,0.3,5,0.939109972747475,0.944865685907094,0.953147574216642
"gini","Max(18 Nulls)",0.3,0.35,3,0.782356872354645,0.80503047475062,0.832797769064101
"gini","Max(18 Nulls)",0.3,0.35,5,0.936069571628356,0.942377859399918,0.951483757755825
"gini","Max(18 Nulls)",0.3,0.4,3,0.777548209366391,0.796920298568352,0.825967859751644
"gini","Max(18 Nulls)",0.3,0.4,5,0.934038004372058,0.940505270694262,0.949693922916453
"gini","Max(18 Nulls)",0.35,0.1,3,0.752685546875,0.778486800337704,0.811594202898551
"gini","Max(18 Nulls)",0.35,0.1,5,0.933619202240134,0.940450835181128,0.94983317848145
"gini","Max(18 Nulls)",0.35,0.15,3,0.763076923076923,0.78705495635518,0.816530612244898
"gini","Max(18 Nulls)",0.35,0.15,5,0.935914283573758,0.942683155340559,0.950953344275203
"gini","Max(18 Nulls)",0.35,0.2,3,0.773415977961432,0.797925937879999,0.829994048799841
"gini","Max(18 Nulls)",0.35,0.2,5,0.938831602006756,0.94428458950754,0.95262778112565
"gini","Max(18 Nulls)",0.35,0.25,3,0.777548209366391,0.801229375132854,0.832426346406455
"gini","Max(18 Nulls)",0.35,0.25,5,0.93755134877678,0.943965462801023,0.952472607354283
"gini","Max(18 Nulls)",0.35,0.3,3,0.787703274671419,0.803076557332977,0.835829072315559
"gini","Max(18 Nulls)",0.35,0.3,5,0.938312122919676,0.944520911201482,0.952861761399647
"gini","Max(18 Nulls)",0.35,0.35,3,0.778925619834711,0.799872728621959,0.829994048799841
"gini","Max(18 Nulls)",0.35,0.35,5,0.935838582113853,0.942637471849822,0.951361291641204
"gini","Max(18 Nulls)",0.35,0.4,3,0.773415977961432,0.79461886520053,0.827733333333333
"gini","Max(18 Nulls)",0.35,0.4,5,0.93294355589967,0.94006838514138,0.950073469387755
"gini","Max(18 Nulls)",0.4,0.1,3,0.739501953125,0.770051465189745,0.809206913376041
"gini","Max(18 Nulls)",0.4,0.1,5,0.932553283429781,0.939197310834477,0.949397883178276
"gini","Max(18 Nulls)",0.4,0.15,3,0.758664146187776,0.783696310189047,0.815711168418965
"gini","Max(18 Nulls)",0.4,0.15,5,0.93356647347749,0.94081654010157,0.950209725514741
"gini","Max(18 Nulls)",0.4,0.2,3,0.765917159763314,0.789155063800692,0.822667626249682
"gini","Max(18 Nulls)",0.4,0.2,5,0.937830330619961,0.943047803217151,0.951856651312917
"gini","Max(18 Nulls)",0.4,0.25,3,0.776594521301503,0.796790840886116,0.828774238227147
"gini","Max(18 Nulls)",0.4,0.25,5,0.937506225071518,0.943378234312688,0.951775854092949
"gini","Max(18 Nulls)",0.4,0.3,3,0.781828703703704,0.801944138644656,0.836217869051484
"gini","Max(18 Nulls)",0.4,0.3,5,0.937404996844037,0.943464236607842,0.952322531684053
"gini","Max(18 Nulls)",0.4,0.35,3,0.773415977961432,0.796789111041931,0.828774238227147
"gini","Max(18 Nulls)",0.4,0.35,5,0.935267237026773,0.941582787232771,0.950703628022879
"gini","Max(18 Nulls)",0.4,0.4,3,0.766375984155705,0.791805893566914,0.825967859751644
"gini","Max(18 Nulls)",0.4,0.4,5,0.934364562614715,0.940455689150114,0.949793157659833
"gini","Max(18 Nulls)",0.45,0.1,3,0.73810553633218,0.767924177344718,0.801836734693878
"gini","Max(18 Nulls)",0.45,0.1,5,0.930810926797395,0.938004422897507,0.948448661176403
"gini","Max(18 Nulls)",0.45,0.15,3,0.746826171875,0.773248328791288,0.81078125
"gini","Max(18 Nulls)",0.45,0.15,5,0.933049991889415,0.939868040321504,0.949215674977382
"gini","Max(18 Nulls)",0.45,0.2,3,0.756887052341598,0.783898675871961,0.816530612244898
"gini","Max(18 Nulls)",0.45,0.2,5,0.93528591566884,0.942126664051632,0.950751072153494
"gini","Max(18 Nulls)",0.45,0.25,3,0.763076923076923,0.788655589006531,0.823419027960218
"gini","Max(18 Nulls)",0.45,0.25,5,0.93626013756061,0.942331098817389,0.95117759369816
"gini","Max(18 Nulls)",0.45,0.3,3,0.765917159763314,0.792833310065013,0.827733333333333
"gini","Max(18 Nulls)",0.45,0.3,5,0.9345999405116,0.941382337731338,0.951265838206628
"gini","Max(18 Nulls)",0.45,0.35,3,0.773415977961432,0.791275809371231,0.828125
"gini","Max(18 Nulls)",0.45,0.35,5,0.935401266419823,0.941452228739208,0.951135069603805
"gini","Max(18 Nulls)",0.45,0.4,3,0.765917159763314,0.791011510176193,0.827613568736362
"gini","Max(18 Nulls)",0.45,0.4,5,0.933036599256856,0.93984248966155,0.949918343085264
"gini","Max(18 Nulls)",0.5,0.1,3,0.73469387755102,0.761817031967747,0.798904499903432
"gini","Max(18 Nulls)",0.5,0.1,5,0.929519937540559,0.936502236668938,0.947358729075308
"gini","Max(18 Nulls)",0.5,0.15,3,0.73810553633218,0.76970025630372,0.809606481481481
"gini","Max(18 Nulls)",0.5,0.15,5,0.93262056623504,0.939392392875817,0.949082231058013
"gini","Max(18 Nulls)",0.5,0.2,3,0.751220703125,0.776850175150565,0.813915266617969
"gini","Max(18 Nulls)",0.5,0.2,5,0.934016683032092,0.940414035547996,0.950188976745089
"gini","Max(18 Nulls)",0.5,0.25,3,0.752685546875,0.782374871924615,0.820204081632653
"gini","Max(18 Nulls)",0.5,0.25,5,0.934102865286613,0.94032864676855,0.949905299591627
"gini","Max(18 Nulls)",0.5,0.3,3,0.763076923076923,0.787929779360101,0.825967859751644
"gini","Max(18 Nulls)",0.5,0.3,5,0.934662371672242,0.941705609444753,0.951052743739847
"gini","Max(18 Nulls)",0.5,0.35,3,0.765917159763314,0.791037766275689,0.827613568736362
"gini","Max(18 Nulls)",0.5,0.35,5,0.933410340670902,0.941386391096256,0.951265432098765
"gini","Max(18 Nulls)",0.5,0.4,3,0.763076923076923,0.788410446662621,0.827613568736362
"gini","Max(18 Nulls)",0.5,0.4,5,0.933423912072759,0.939706359330653,0.949602388485344
"line","Data",0.2,0.1,3,0.885994572945898,0.900462836684408,0.916073049978269
"line","Data",0.2,0.1,5,0.886798077720602,0.897811468873972,0.909836874361145
"line","Data",0.2,0.15,3,0.888775462281772,0.901271197259949,0.917112226105204
"line","Data",0.2,0.15,5,0.886463780092146,0.897419689145324,0.910069093005577
"line","Data",0.2,0.2,3,0.886722044634172,0.901005500756688,0.91609742061121
"line","Data",0.2,0.2,5,0.887177224531954,0.897943121747899,0.910155042909005
"line","Data",0.2,0.25,3,0.886612587990416,0.900783163051338,0.915761335755225
"line","Data",0.2,0.25,5,0.886085218134565,0.897096632717881,0.90896424891078
"line","Data",0.2,0.3,3,0.888765679172875,0.90212203490038,0.917101403245242
"line","Data",0.2,0.3,5,0.887502450686204,0.898072669486278,0.910016722057587
"line","Data",0.2,0.35,3,0.886728180817477,0.900734377308375,0.915848905867614
"line","Data",0.2,0.35,5,0.886590212396001,0.897370126396738,0.909386938588115
"line","Data",0.2,0.4,3,0.888183389785688,0.901506066051499,0.916052273665757
"line","Data",0.2,0.4,5,0.887250246571533,0.897975433341648,0.909648710545486
"line","Data",0.25,0.1,3,0.83631501117568,0.853347761486308,0.875569044851278
"line","Data",0.25,0.1,5,0.832576462725815,0.848182424114178,0.865762594186974
"line","Data",0.25,0.15,3,0.832026716768704,0.853319011542209,0.876019524802942
"line","Data",0.25,0.15,5,0.833426994300403,0.849017704570145,0.865792626059511
"line","Data",0.25,0.2,3,0.831476856573241,0.853355654009422,0.876002112886652
"line","Data",0.25,0.2,5,0.831302435211176,0.84813933932411,0.86505003088432
"line","Data",0.25,0.25,3,0.835652154688531,0.854639814808879,0.876589151819347
"line","Data",0.25,0.25,5,0.835264126986431,0.850491892162876,0.867403161957691
"line","Data",0.25,0.3,3,0.833643557542247,0.85375477710688,0.874952194408676
"line","Data",0.25,0.3,5,0.833855375345795,0.849970832921759,0.867611630710133
"line","Data",0.25,0.35,3,0.831698908315047,0.851926408186461,0.874011327984467
"line","Data",0.25,0.35,5,0.833615541611224,0.849472781906079,0.866584459217058
"line","Data",0.25,0.4,3,0.834671379905504,0.853776122709103,0.875499767946507
"line","Data",0.25,0.4,5,0.831430116122028,0.848512893898526,0.865930481289534
"line","Data",0.3,0.1,3,0.777256170869639,0.801054815013626,0.828391843588239
"line","Data",0.3,0.1,5,0.775098973962507,0.795575051790659,0.819191469545882
"line","Data",0.3,0.15,3,0.776852177704719,0.80174975509228,0.829513609089265
"line","Data",0.3,0.15,5,0.774413762990919,0.795671174124131,0.818400974459137
"line","Data",0.3,0.2,3,0.775364553908088,0.801196748065958,0.830365795305454
"line","Data",0.3,0.2,5,0.772633941211681,0.795036237282625,0.819807836918901
"line","Data",0.3,0.25,3,0.776183892222504,0.802974780382802,0.831224617966113
"line","Data",0.3,0.25,5,0.773351592085682,0.794867299959646,0.817665061868262
"line","Data",0.3,0.3,3,0.773819378289869,0.80163975553299,0.832445440587801
"line","Data",0.3,0.3,5,0.773080332883245,0.794626551623427,0.819382690973427
"line","Data",0.3,0.35,3,0.773833566046006,0.799793262668273,0.82926879961395
"line","Data",0.3,0.35,5,0.773416722954953,0.795469365095927,0.818547246876437
"line","Data",0.3,0.4,3,0.774413104579585,0.80045749040371,0.831836725207726
"line","Data",0.3,0.4,5,0.774242956003232,0.795433482605946,0.818664990435349
"line","Data",0.35,0.1,3,0.714264700778717,0.748598217077732,0.785688557413948
"line","Data",0.35,0.1,5,0.712892953351053,0.741220989930969,0.769254599049508
"line","Data",0.35,0.15,3,0.712442432005289,0.745798885874653,0.782682465083008
"line","Data",0.35,0.15,5,0.716551841311014,0.743643777265681,0.77456611231192
"line","Data",0.35,0.2,3,0.71314352363583,0.746976543719447,0.784144438316547
"line","Data",0.35,0.2,5,0.715480157465007,0.741302005991672,0.770360248428235
"line","Data",0.35,0.25,3,0.713450324024484,0.745991489938926,0.783309783404337
"line","Data",0.35,0.25,5,0.715879274843562,0.741749984441826,0.769377008922743
"line","Data",0.35,0.3,3,0.709395384376067,0.745672176221243,0.788105127039831
"line","Data",0.35,0.3,5,0.713323719721955,0.740438678233885,0.768433964922562
"line","Data",0.35,0.35,3,0.712854427727552,0.746796030382164,0.785065970504021
"line","Data",0.35,0.35,5,0.713020757766818,0.739707973965541,0.76737953706573
"line","Data",0.35,0.4,3,0.713776446037533,0.745338101547835,0.782657889878063
"line","Data",0.35,0.4,5,0.71577883596143,0.741211386320728,0.771327623866641
"line","Data",0.4,0.1,3,0.656333338620548,0.695792146416459,0.73878493804211
"line","Data",0.4,0.1,5,0.652471484363241,0.685121221001341,0.719406522080034
"line","Data",0.4,0.15,3,0.653904106363244,0.695772409893276,0.740717209231743
"line","Data",0.4,0.15,5,0.656323343382624,0.687402755198662,0.720079784914104
"line","Data",0.4,0.2,3,0.651662253157269,0.69359479590709,0.737240393681699
"line","Data",0.4,0.2,5,0.654568742038834,0.686587638105365,0.722367094928937
"line","Data",0.4,0.25,3,0.657284942509173,0.696304105383404,0.741317091098423
"line","Data",0.4,0.25,5,0.656900514554263,0.68919501045222,0.723285227329666
"line","Data",0.4,0.3,3,0.658557729804242,0.699660841456478,0.744713885463923
"line","Data",0.4,0.3,5,0.654043074763915,0.687324576915444,0.721857496039548
"line","Data",0.4,0.35,3,0.65338838967392,0.693531124112882,0.739490054103489
"line","Data",0.4,0.35,5,0.656840258860701,0.687476037337365,0.722940506837353
"line","Data",0.4,0.4,3,0.655400657791935,0.695576811993526,0.739476377937768
"line","Data",0.4,0.4,5,0.649589868004357,0.683332939362992,0.718588543170392
"line","Data",0.45,0.1,3,0.595763192327535,0.641076406146444,0.692119689400852
"line","Data",0.45,0.1,5,0.599109608492896,0.634756214602814,0.672517065153688
"line","Data",0.45,0.15,3,0.593514250220095,0.6397128287958,0.689759955186643
"line","Data",0.45,0.15,5,0.598906497498661,0.635523081751625,0.674229328525345
"line","Data",0.45,0.2,3,0.588322579969521,0.640746128550794,0.693858289722049
"line","Data",0.45,0.2,5,0.593725801108576,0.632449195319469,0.672976871754992
"line","Data",0.45,0.25,3,0.596544479648202,0.642091236869201,0.689941483500569
"line","Data",0.45,0.25,5,0.594015563434806,0.631671722458759,0.674059718624107
"line","Data",0.45,0.3,3,0.598116818411985,0.64327664145694,0.68928422968388
"line","Data",0.45,0.3,5,0.596669374054622,0.634667352755229,0.674241828382283
"line","Data",0.45,0.35,3,0.598908070147588,0.644021449207223,0.694035699905176
"line","Data",0.45,0.35,5,0.598441940472769,0.636547633462451,0.677505809621411
"line","Data",0.45,0.4,3,0.597084890898676,0.644361240857355,0.695317286767628
"line","Data",0.45,0.4,5,0.593873261435748,0.631299887377928,0.672688331958914
"line","Data",0.5,0.1,3,0.541931096345791,0.596461049349153,0.652973666425714
"line","Data",0.5,0.1,5,0.547936955024739,0.585570352845577,0.626202214657863
"line","Data",0.5,0.15,3,0.538871448673665,0.587087546663884,0.64134832719554
"line","Data",0.5,0.15,5,0.5435216026918,0.585128486514252,0.629938411280213
"line","Data",0.5,0.2,3,0.53993873581758,0.593098959894699,0.648296038115184
"line","Data",0.5,0.2,5,0.542609054980356,0.585293423594664,0.630514084455747
"line","Data",0.5,0.25,3,0.543160316032273,0.592116233660591,0.648139990182528
"line","Data",0.5,0.25,5,0.551272320326782,0.588688432166277,0.63177409361214
"line","Data",0.5,0.3,3,0.544284664814716,0.594546022063137,0.649301850598627
"line","Data",0.5,0.3,5,0.544200052431713,0.583911458956718,0.628405545581326
"line","Data",0.5,0.35,3,0.545718774194656,0.592836795153668,0.646445608375099
"line","Data",0.5,0.35,5,0.542115099524032,0.582457958250598,0.62404015625248
"line","Data",0.5,0.4,3,0.541544474217637,0.595507932089333,0.652386114714259
"line","Data",0.5,0.4,5,0.542730348749094,0.583768598401337,0.627570670924307
"line","Max(18 Nulls)",0.2,0.1,3,0.699301884144795,0.736211107078662,0.769245523606111
"line","Max(18 Nulls)",0.2,0.1,5,0.707093450440812,0.73979120821559,0.772250442213155
"line","Max(18 Nulls)",0.2,0.15,3,0.694606320730959,0.730717129985634,0.762308352130951
"line","Max(18 Nulls)",0.2,0.15,5,0.702268185927684,0.733147346081705,0.763651123212883
"line","Max(18 Nulls)",0.2,0.2,3,0.687973399577702,0.7220512651188,0.754516742777881
"line","Max(18 Nulls)",0.2,0.2,5,0.692809928354348,0.724104921271404,0.756340663565956
"line","Max(18 Nulls)",0.2,0.25,3,0.680735220254201,0.718148465162551,0.750609660381172
"line","Max(18 Nulls)",0.2,0.25,5,0.681575017212448,0.712950054781085,0.744959830534352
"line","Max(18 Nulls)",0.2,0.3,3,0.672774403789038,0.709252974531066,0.74467451428249
"line","Max(18 Nulls)",0.2,0.3,5,0.671044221124276,0.703685775980068,0.734377328605376
"line","Max(18 Nulls)",0.2,0.35,3,0.660660003965565,0.698568151760195,0.732853353851184
"line","Max(18 Nulls)",0.2,0.35,5,0.662709051173612,0.693719041933827,0.726072337640414
"line","Max(18 Nulls)",0.2,0.4,3,0.654105695586622,0.692210208836951,0.728947997888808
"line","Max(18 Nulls)",0.2,0.4,5,0.643681834655326,0.675421376467872,0.709759966177264
"line","Max(18 Nulls)",0.25,0.1,3,0.67603505612214,0.71088063447753,0.7415145781999
"line","Max(18 Nulls)",0.25,0.1,5,0.686933473821665,0.718495907592264,0.749900469004164
"line","Max(18 Nulls)",0.25,0.15,3,0.669316793307107,0.70639165262787,0.74020894360097
"line","Max(18 Nulls)",0.25,0.15,5,0.682415009888726,0.713051431854072,0.743456566395894
"line","Max(18 Nulls)",0.25,0.2,3,0.668112103616529,0.701505496051897,0.732794483732971
"line","Max(18 Nulls)",0.25,0.2,5,0.669371845946675,0.702707465252572,0.732919223235759
"line","Max(18 Nulls)",0.25,0.25,3,0.658975774448357,0.693679997443098,0.725969573309857
"line","Max(18 Nulls)",0.25,0.25,5,0.660055863040895,0.691516761988746,0.725001397296252
"line","Max(18 Nulls)",0.25,0.3,3,0.649693691665641,0.685029976325709,0.717109143922421
"line","Max(18 Nulls)",0.25,0.3,5,0.64849148778427,0.682146436910704,0.717180991501567
"line","Max(18 Nulls)",0.25,0.35,3,0.641740803722532,0.678678243777974,0.714662651177983
"line","Max(18 Nulls)",0.25,0.35,5,0.635309644271667,0.6703078880798,0.70240708800811
"line","Max(18 Nulls)",0.25,0.4,3,0.631516275666482,0.665746786835659,0.697943672176489
"line","Max(18 Nulls)",0.25,0.4,5,0.624804636863139,0.657573849697108,0.690466993481899
"line","Max(18 Nulls)",0.3,0.1,3,0.660213124256271,0.69144931541309,0.720845316482574
"line","Max(18 Nulls)",0.3,0.1,5,0.66067220565273,0.692123158396225,0.721552622273942
"line","Max(18 Nulls)",0.3,0.15,3,0.653725205850954,0.687022856634003,0.718352462085241
"line","Max(18 Nulls)",0.3,0.15,5,0.655672285074555,0.688788607492303,0.722503742772444
"line","Max(18 Nulls)",0.3,0.2,3,0.644803780130281,0.679776177372587,0.712203591228146
"line","Max(18 Nulls)",0.3,0.2,5,0.6492040372414,0.679375606106419,0.707776213770759
"line","Max(18 Nulls)",0.3,0.25,3,0.638300406218761,0.672327325998477,0.704153167496491
"line","Max(18 Nulls)",0.3,0.25,5,0.638378798196526,0.671107059023412,0.701078657923789
"line","Max(18 Nulls)",0.3,0.3,3,0.629178961905722,0.663222540439928,0.69627760564371
"line","Max(18 Nulls)",0.3,0.3,5,0.626370655526204,0.6600375542493,0.692134119498573
"line","Max(18 Nulls)",0.3,0.35,3,0.617600176323885,0.654419828036877,0.690291280675908
"line","Max(18 Nulls)",0.3,0.35,5,0.61300990826137,0.646173622425769,0.677375864146309
"line","Max(18 Nulls)",0.3,0.4,3,0.608277259975212,0.646181137125974,0.682000225719153
"line","Max(18 Nulls)",0.3,0.4,5,0.600737015747274,0.634149454928944,0.66470334418572
"line","Max(18 Nulls)",0.35,0.1,3,0.633175031507266,0.66868834506887,0.703039412906595
"line","Max(18 Nulls)",0.35,0.1,5,0.637029845741873,0.670208134396291,0.701215165666894
"line","Max(18 Nulls)",0.35,0.15,3,0.628135227369807,0.663181653825327,0.69210187396801
"line","Max(18 Nulls)",0.35,0.15,5,0.632033006124249,0.666398638749642,0.697809529028644
"line","Max(18 Nulls)",0.35,0.2,3,0.620392808855876,0.656221694541756,0.690681168983897
"line","Max(18 Nulls)",0.35,0.2,5,0.624621786789273,0.657371276851476,0.688361032737096
"line","Max(18 Nulls)",0.35,0.25,3,0.615015559489819,0.647903160104724,0.68047860018384
"line","Max(18 Nulls)",0.35,0.25,5,0.615798432395878,0.648311052589168,0.678794495694
"line","Max(18 Nulls)",0.35,0.3,3,0.601181366894257,0.63718702909187,0.672349237909874
"line","Max(18 Nulls)",0.35,0.3,5,0.603511657819688,0.637207355525609,0.671261694588391
"line","Max(18 Nulls)",0.35,0.35,3,0.596081561287195,0.630717302433619,0.665096070289957
"line","Max(18 Nulls)",0.35,0.35,5,0.591325975026551,0.626331386655614,0.656356488183239
"line","Max(18 Nulls)",0.35,0.4,3,0.583372879045364,0.620892860651163,0.654164394442854
"line","Max(18 Nulls)",0.35,0.4,5,0.573928151872229,0.60983161187471,0.642794583044975
"line","Max(18 Nulls)",0.4,0.1,3,0.610724709028303,0.644222531106722,0.673850077059635
"line","Max(18 Nulls)",0.4,0.1,5,0.615798563088608,0.646953113583263,0.679238861734205
"line","Max(18 Nulls)",0.4,0.15,3,0.603557338064041,0.639298346336846,0.671743912664433
"line","Max(18 Nulls)",0.4,0.15,5,0.61037033948089,0.641444338084877,0.672548258302647
"line","Max(18 Nulls)",0.4,0.2,3,0.598339180913931,0.633285361879015,0.666134032515352
"line","Max(18 Nulls)",0.4,0.2,5,0.600453361210015,0.633405426216389,0.66737542324566
"line","Max(18 Nulls)",0.4,0.25,3,0.593193385344549,0.627259526355869,0.661888975727334
"line","Max(18 Nulls)",0.4,0.25,5,0.589197694452761,0.623362289593476,0.653551962535154
"line","Max(18 Nulls)",0.4,0.3,3,0.584870941664301,0.620002089162672,0.653486868071053
"line","Max(18 Nulls)",0.4,0.3,5,0.57937231305935,0.611581380302567,0.640948450554822
"line","Max(18 Nulls)",0.4,0.35,3,0.571187479479519,0.608977409660504,0.644022919471695
"line","Max(18 Nulls)",0.4,0.35,5,0.566337230000867,0.599798525587105,0.631892023191347
"line","Max(18 Nulls)",0.4,0.4,3,0.567531399621869,0.602724021464842,0.636118652780128
"line","Max(18 Nulls)",0.4,0.4,5,0.555203700670068,0.59006846480211,0.622821877396514
"line","Max(18 Nulls)",0.45,0.1,3,0.587178972785963,0.624150988065126,0.656503778056536
"line","Max(18 Nulls)",0.45,0.1,5,0.59292247534241,0.625019574336008,0.656155518312518
"line","Max(18 Nulls)",0.45,0.15,3,0.58126806543683,0.617409569058083,0.647286555279258
"line","Max(18 Nulls)",0.45,0.15,5,0.585057130757594,0.617783783327008,0.650785346521351
"line","Max(18 Nulls)",0.45,0.2,3,0.577797424376657,0.612332347641483,0.644165109029748
"line","Max(18 Nulls)",0.45,0.2,5,0.581369631008874,0.614316388598978,0.646072627280617
"line","Max(18 Nulls)",0.45,0.25,3,0.569397401167969,0.606012063143975,0.63905817173662
"line","Max(18 Nulls)",0.45,0.25,5,0.568355911406452,0.602385672423539,0.633520422607004
"line","Max(18 Nulls)",0.45,0.3,3,0.557846024205401,0.597658813809563,0.634785607323949
"line","Max(18 Nulls)",0.45,0.3,5,0.556912791157691,0.591483814571645,0.623217375768651
"line","Max(18 Nulls)",0.45,0.35,3,0.549276404929746,0.586423163993579,0.61902810837544
"line","Max(18 Nulls)",0.45,0.35,5,0.545226945035787,0.579811023946833,0.6106982494846
"line","Max(18 Nulls)",0.45,0.4,3,0.539729772656508,0.577061000484434,0.61463153369141
"line","Max(18 Nulls)",0.45,0.4,5,0.533174694323559,0.56726752857805,0.601840786622668
"line","Max(18 Nulls)",0.5,0.1,3,0.566134258512106,0.601764285659871,0.635256590525244
"line","Max(18 Nulls)",0.5,0.1,5,0.570621609175696,0.605373244061784,0.63919529876095
"line","Max(18 Nulls)",0.5,0.15,3,0.566931497671508,0.599824406959818,0.630377618438639
"line","Max(18 Nulls)",0.5,0.15,5,0.565515652056907,0.601320782831112,0.631949238609723
"line","Max(18 Nulls)",0.5,0.2,3,0.556620846565484,0.593012910460354,0.622414923468616
"line","Max(18 Nulls)",0.5,0.2,5,0.556621160074486,0.591695253399836,0.624535485922227
"line","Max(18 Nulls)",0.5,0.25,3,0.547028899749159,0.585069739670548,0.619337207546511
"line","Max(18 Nulls)",0.5,0.25,5,0.544698277377532,0.579604225483294,0.611458602729492
"line","Max(18 Nulls)",0.5,0.3,3,0.53667873088722,0.576069289505733,0.611467999376312
"line","Max(18 Nulls)",0.5,0.3,5,0.531937990589777,0.565243968838709,0.595535093813417
"line","Max(18 Nulls)",0.5,0.35,3,0.527906357206276,0.565178498259678,0.599192774677913
"line","Max(18 Nulls)",0.5,0.35,5,0.527401755498422,0.560769786470695,0.592980637582056
"line","Max(18 Nulls)",0.5,0.4,3,0.51696235605298,0.555650985937875,0.590808608787014
"line","Max(18 Nulls)",0.5,0.4,5,0.511337379008698,0.54408827940518,0.577376683702653
