"nick_name","age","gender","education","ip_address"
1,8,1,3,1
2,4,1,3,2
4,3,1,2,4
3,4,1,5,3
7,2,1,1,7
11,2,1,3,11
9,2,1,5,9
10,4,1,4,10
8,3,1,3,8
12,3,1,3,12
14,8,2,3,14
13,7,2,5,13
16,3,1,3,15
15,3,1,5,9
17,5,1,1,16
18,3,1,5,17
19,3,1,1,18
22,3,1,3,21
23,4,1,5,22
21,8,1,1,20
5,3,2,5,5
20,3,2,3,19
24,3,2,3,23
6,6,1,4,6
25,9,2,4,24
26,2,1,1,25
28,3,1,5,27
29,4,2,2,28
30,3,1,3,29
27,4,2,5,26
31,5,1,2,30
32,6,1,1,31
33,3,1,3,32
34,4,2,5,33
35,2,2,3,34
36,2,1,1,35
37,5,2,2,36
38,2,2,2,37
39,5,1,3,38
40,3,1,3,39
41,2,1,1,40
42,4,1,3,26
43,3,2,2,41
44,2,1,3,42
45,3,2,5,43
46,4,2,3,44
47,8,1,2,45
48,2,1,2,46
49,5,1,3,47
50,3,2,3,48
52,3,2,3,50
53,5,1,2,51
51,3,1,2,49
54,3,1,1,52
55,5,1,3,53
57,5,1,2,55
56,4,1,2,54
58,3,2,3,56
59,2,1,3,57
60,7,1,5,58
61,4,1,3,59
62,4,1,2,60
64,2,1,3,62
66,4,1,3,64
67,7,1,3,65
63,3,1,5,61
65,2,1,3,63
1357,7,2,3,66
69,2,2,3,67
1357,7,2,3,66
70,3,1,3,68
71,4,2,4,69
1357,7,2,3,66
1357,7,2,3,66
1357,7,2,3,66
73,0,0,0,71
74,2,1,3,72
76,2,1,2,74
75,3,1,3,73
77,8,2,2,75
1357,7,2,3,66
79,3,2,3,77
78,5,2,2,76
72,2,1,3,70
1357,7,2,3,66
1357,7,2,3,66
80,10,1,1,78
81,3,1,5,79
82,2,2,2,80
83,2,1,2,81
1357,7,2,3,66
84,3,2,3,82
1357,7,2,3,66
1357,7,2,3,66
85,3,1,3,83
87,4,1,1,85
1357,7,2,3,66
86,6,1,3,84
88,9,2,3,86
89,3,1,3,87
90,9,2,1,88
91,8,1,2,89
93,2,1,4,91
94,6,1,3,92
92,10,1,5,90
95,3,1,3,93
97,9,2,2,95
1357,7,2,3,66
98,7,2,3,96
99,3,1,3,97
100,2,1,3,98
102,4,1,5,100
101,4,2,3,99
104,2,1,4,102
106,2,1,3,104
107,4,1,2,105
103,4,2,5,101
109,4,1,2,107
108,7,2,5,106
105,10,1,2,103
110,2,1,3,108
112,4,1,3,110
113,2,1,2,111
114,3,2,2,112
111,7,1,2,109
116,2,2,3,114
115,4,1,5,113
118,3,1,3,116
119,3,1,2,117
120,5,1,1,118
117,5,2,5,115
123,2,1,2,121
121,3,2,5,119
122,2,1,1,120
124,2,2,3,122
126,2,1,2,124
125,3,1,3,123
127,3,1,3,125
128,2,2,1,126
129,2,2,3,68
130,9,2,3,127
131,3,2,4,107
132,3,2,1,128
134,5,2,3,130
135,2,1,5,131
133,8,1,3,129
138,2,2,3,134
137,4,1,1,133
136,4,1,3,132
139,2,2,2,68
140,3,1,3,135
142,5,2,2,137
143,2,1,2,138
144,3,1,3,139
96,3,1,3,94
146,4,2,3,141
147,2,1,2,68
148,2,1,4,142
149,4,1,2,143
150,2,2,2,144
151,3,1,5,145
152,5,2,2,146
153,4,1,3,147
154,3,2,3,148
155,2,1,2,149
157,2,1,2,151
156,10,1,3,150
158,2,2,3,152
159,4,2,1,153
160,10,2,3,154
161,2,1,1,155
162,2,2,3,156
169,3,1,2,163
163,4,1,3,157
164,3,1,2,158
165,3,1,2,159
166,3,2,2,160
167,4,2,3,161
170,6,2,5,164
168,9,2,3,162
172,3,2,3,166
73,0,0,0,71
145,3,1,3,140
173,2,1,1,167
174,7,2,5,168
171,4,1,2,165
175,5,1,1,169
176,4,1,3,170
73,0,0,0,71
178,4,1,2,172
177,2,2,3,171
180,3,2,2,174
181,2,1,4,175
182,8,2,2,176
184,3,2,3,178
183,5,1,2,177
186,2,1,2,180
185,5,2,3,179
187,3,2,5,181
190,2,1,2,184
188,4,1,3,182
189,3,1,2,183
179,9,1,2,173
191,3,1,5,185
192,9,2,2,186
193,2,1,3,187
194,2,1,3,188
195,3,2,5,189
198,2,1,1,155
197,6,1,2,191
204,2,1,3,197
200,4,1,3,193
201,5,1,4,194
203,2,2,2,196
196,3,1,5,190
202,3,1,3,195
199,3,1,1,192
205,4,1,5,198
206,3,1,5,199
207,2,1,2,200
208,4,1,3,201
209,2,1,3,202
210,2,1,1,203
211,2,1,1,204
212,3,2,2,205
213,4,1,3,206
214,3,1,5,207
215,4,1,3,208
216,2,1,3,209
217,6,1,3,210
141,4,2,5,136
218,4,2,5,211
219,5,2,5,212
221,2,1,2,214
222,4,1,2,215
220,2,1,2,213
225,2,1,3,218
226,3,1,3,219
224,7,1,3,217
223,6,1,3,216
227,2,1,2,220
229,5,1,3,222
231,4,1,2,224
230,5,1,5,223
228,3,2,5,221
232,2,2,2,225
233,6,1,1,226
234,2,1,2,227
235,4,1,3,228
236,4,1,3,229
237,4,2,5,230
238,4,1,2,231
240,2,1,3,233
241,3,1,3,234
243,3,1,2,236
242,5,2,3,235
248,2,2,3,237
244,5,1,3,238
246,2,1,1,240
247,3,1,4,241
245,2,1,5,239
249,2,1,2,242
252,2,2,3,245
251,9,2,3,244
253,7,1,5,246
254,3,1,2,247
255,3,1,3,248
256,3,2,3,249
250,4,2,3,243
257,2,1,1,250
273,3,1,3,266
258,3,1,2,251
260,5,2,1,253
261,8,2,2,254
262,10,2,3,255
263,2,1,2,256
264,2,2,2,257
265,7,2,5,258
266,5,1,1,259
267,3,2,3,260
268,2,1,2,261
272,3,1,3,265
271,7,1,4,264
270,3,2,5,263
275,9,1,3,268
276,5,1,4,269
274,2,1,2,267
259,3,1,5,252
1358,10,2,5,262
277,2,1,4,270
279,5,1,3,272
281,7,1,2,274
282,4,2,4,275
1358,10,2,5,262
283,5,2,2,276
278,4,1,2,271
284,3,1,3,277
286,10,2,3,279
280,8,1,5,273
285,7,2,2,278
287,4,1,3,280
288,2,1,2,281
289,5,1,5,282
290,3,1,5,283
293,3,2,4,286
292,4,2,3,285
294,6,2,3,287
295,2,2,2,288
296,5,1,3,289
291,6,1,3,284
297,2,1,2,290
228,3,2,5,291
298,3,2,3,292
299,4,1,3,293
301,6,1,2,295
300,2,1,3,294
304,2,1,2,298
303,7,1,3,297
302,2,1,5,296
305,2,1,3,299
306,4,2,2,300
307,4,1,5,301
308,3,2,2,302
309,5,1,2,303
310,5,1,4,304
311,2,2,1,305
312,3,1,5,306
313,5,1,3,307
314,7,2,1,308
315,5,2,3,309
316,9,1,4,310
317,3,2,5,311
318,4,1,3,312
319,9,2,2,313
321,3,2,3,315
322,2,2,3,316
320,3,2,4,314
323,4,1,3,317
324,5,1,2,318
325,8,2,4,284
326,2,1,2,319
327,2,1,1,320
328,2,1,1,321
329,2,1,3,322
331,2,1,3,324
330,9,2,2,323
332,3,1,5,325
333,2,2,3,326
334,2,2,2,327
335,2,2,2,328
338,7,2,1,331
339,8,2,5,332
340,4,2,2,333
342,4,1,3,335
1359,4,1,2,334
343,2,2,1,337
1359,4,1,2,334
336,9,2,3,329
344,4,2,5,338
347,2,2,2,336
345,3,1,3,339
1359,4,1,2,334
348,4,2,1,284
349,2,1,2,341
346,7,2,3,340
350,3,1,2,342
351,3,1,4,343
352,3,2,3,344
353,4,2,4,345
354,8,1,5,346
1360,6,1,5,347
337,4,2,3,330
356,3,1,3,348
357,6,2,5,349
358,5,1,3,350
359,4,2,2,351
360,5,2,2,352
361,2,2,3,353
362,4,1,2,354
364,2,1,5,356
363,4,1,2,355
365,10,2,3,357
366,4,2,5,358
367,2,1,2,337
368,3,1,1,359
369,7,1,3,360
370,3,1,5,361
371,2,2,2,362
1359,4,1,2,334
372,2,1,3,363
374,3,1,5,365
373,4,2,3,364
375,5,2,2,366
377,3,1,2,368
1359,4,1,2,334
376,4,1,5,367
378,10,2,5,369
379,4,1,2,370
380,2,1,2,371
381,3,1,2,372
382,4,1,2,373
380,2,1,2,371
385,3,1,3,376
1359,4,1,2,334
386,4,2,2,377
384,4,1,2,375
380,2,1,2,371
387,6,1,5,378
380,2,1,2,371
388,5,1,3,379
390,2,1,2,381
391,2,2,5,382
380,2,1,2,371
392,4,2,4,383
393,5,2,3,384
394,6,2,3,65
395,5,2,5,385
380,2,1,2,371
380,2,1,2,371
397,3,2,4,387
396,4,1,3,386
1359,4,1,2,334
398,3,1,3,388
389,3,1,5,380
399,3,2,3,389
400,6,2,3,390
383,10,1,3,374
401,3,1,3,391
402,2,1,2,392
403,3,1,3,393
404,3,1,1,394
1359,4,1,2,334
405,2,1,2,298
406,6,1,3,395
1359,4,1,2,334
1359,4,1,2,334
409,3,1,2,398
408,2,2,3,397
410,5,2,2,399
412,6,1,4,401
414,3,1,2,403
1359,4,1,2,334
413,3,1,5,402
415,2,1,2,404
416,6,2,2,405
417,2,1,2,406
419,2,2,3,408
418,2,1,2,407
420,3,1,3,409
1359,4,1,2,334
423,2,1,2,412
421,2,1,3,410
422,4,2,5,411
424,6,1,3,413
425,4,1,3,414
426,3,1,3,415
411,3,2,5,400
427,2,1,2,416
428,6,1,2,417
429,2,1,3,418
431,2,2,2,420
432,5,2,1,421
433,3,2,2,422
436,3,2,3,425
435,4,1,5,424
434,4,1,3,423
437,2,1,3,426
438,5,1,5,427
439,7,1,5,428
430,6,2,5,419
440,4,2,3,429
441,5,2,5,430
15,3,1,5,431
442,4,1,2,432
443,3,2,2,433
444,7,2,3,434
445,3,1,3,435
447,4,1,5,437
448,9,2,1,438
449,8,1,5,439
450,7,1,2,440
407,3,1,1,396
446,4,1,3,436
452,4,1,3,443
443,3,2,2,442
453,3,1,5,444
454,2,1,3,445
455,3,1,3,446
443,3,2,2,447
456,2,2,2,448
457,3,1,3,449
458,2,1,1,450
460,2,1,2,452
459,2,1,4,451
459,2,1,4,451
451,5,1,5,441
462,2,1,3,454
461,5,1,3,453
463,2,2,3,455
464,4,2,3,456
465,4,2,1,457
466,3,2,3,458
443,3,2,2,459
467,7,2,3,460
468,6,1,3,461
469,3,2,3,462
470,2,1,2,463
471,2,1,2,464
474,2,1,1,467
472,5,1,3,465
475,10,2,5,468
477,2,1,3,470
478,2,1,3,471
476,8,2,3,469
479,2,1,2,472
481,3,1,3,474
480,3,2,3,473
484,3,1,3,477
482,5,1,3,475
483,6,2,4,476
485,6,1,3,478
473,2,1,3,466
471,2,1,2,479
486,2,2,3,480
487,2,1,3,481
488,2,2,3,482
489,4,1,5,483
490,4,2,2,484
1361,6,2,3,485
492,2,1,3,486
493,2,1,2,487
494,4,1,5,488
1362,6,1,3,489
1361,6,2,3,485
496,5,1,2,490
497,4,2,3,465
498,3,1,2,491
499,2,1,2,492
501,5,1,1,494
502,2,2,2,495
500,3,1,3,493
504,3,1,5,497
503,3,1,1,496
505,2,1,4,498
506,5,2,5,499
507,2,1,1,500
508,3,1,5,501
509,2,1,3,502
511,2,1,3,504
512,6,1,5,505
1363,3,1,3,503
1363,3,1,3,503
1361,6,2,3,485
514,3,1,3,507
513,5,2,1,506
515,3,1,2,508
516,5,1,5,509
517,5,1,3,510
1363,3,1,3,503
518,7,2,3,264
519,3,1,5,511
510,3,1,3,503
521,2,1,3,513
522,2,1,3,514
523,4,1,5,515
524,4,1,5,516
1364,6,1,5,517
1364,6,1,5,517
526,2,1,2,518
527,2,2,4,519
528,3,1,3,520
1364,6,1,5,517
1364,6,1,5,517
529,2,2,3,521
1364,6,1,5,517
530,3,1,3,522
1364,6,1,5,517
531,3,1,5,523
1364,6,1,5,517
1364,6,1,5,517
532,2,2,3,524
533,6,2,2,525
1364,6,1,5,517
1364,6,1,5,517
534,4,1,3,526
535,2,2,3,527
1364,6,1,5,517
536,8,1,1,528
537,2,1,3,529
538,4,1,3,530
539,7,1,5,531
540,3,2,3,532
541,5,1,3,533
542,4,2,3,534
543,2,1,2,535
544,2,1,1,536
545,8,2,2,537
546,3,1,3,538
1365,4,2,3,539
1365,4,2,3,539
548,3,1,2,540
1365,4,2,3,539
549,3,1,1,541
550,5,2,2,542
552,3,1,3,544
551,4,1,5,543
1365,4,2,3,539
1366,4,1,3,545
555,6,1,5,547
554,3,1,5,546
556,2,1,3,548
558,2,1,1,550
557,2,1,2,549
559,4,1,2,551
560,4,1,3,552
561,9,1,2,553
562,3,2,3,554
563,3,2,3,555
564,5,1,5,556
565,7,1,5,557
566,4,2,3,558
567,8,1,3,559
568,5,1,1,560
569,3,2,3,561
570,3,1,2,562
572,4,2,1,564
571,4,2,3,563
573,5,2,3,565
574,6,1,5,566
575,2,1,3,567
576,9,1,4,568
1367,8,1,3,569
578,6,2,3,570
579,5,2,3,571
580,5,1,5,572
1367,8,1,3,569
581,3,2,4,573
1367,8,1,3,569
582,5,2,3,574
583,3,1,2,575
584,2,2,3,576
585,8,2,3,577
586,3,1,5,578
587,2,2,5,579
1367,8,1,3,569
588,2,1,5,580
589,5,2,5,581
1367,8,1,3,569
590,4,2,5,582
591,2,1,2,583
593,3,1,2,585
592,3,1,2,584
594,7,1,5,586
596,2,1,5,588
1367,8,1,3,569
597,6,2,5,589
595,5,1,2,587
598,2,1,2,590
599,2,2,2,591
1368,3,1,3,592
1368,3,1,3,592
603,3,1,5,595
601,2,2,5,593
602,9,2,2,594
604,4,1,3,596
606,3,1,5,598
605,4,2,3,597
607,2,1,5,599
608,2,2,3,600
609,2,1,3,601
610,2,1,2,602
611,8,2,5,603
612,4,1,2,604
613,3,1,5,605
614,3,1,2,606
615,2,2,2,607
616,2,2,3,608
617,2,2,3,609
618,6,2,2,610
619,3,1,3,611
621,2,1,3,613
622,2,1,2,614
624,2,2,2,616
623,4,2,3,615
625,3,1,3,617
620,3,1,5,612
626,6,1,5,618
627,3,2,5,619
629,2,1,3,621
634,10,2,3,626
630,5,1,3,622
631,2,1,2,623
635,3,2,5,628
632,4,1,3,624
633,2,2,3,625
626,6,1,5,627
636,7,2,2,629
637,5,1,5,630
638,2,1,2,631
639,6,2,5,632
641,9,1,2,635
626,4,1,5,634
642,3,2,3,636
640,9,1,5,633
644,3,1,2,638
645,5,1,3,639
628,6,2,3,620
646,2,1,3,640
643,3,2,4,637
647,2,2,2,641
648,9,1,5,642
649,2,1,2,643
650,2,2,3,644
652,2,1,2,646
653,4,2,1,647
655,2,1,2,649
656,2,1,3,650
654,8,1,5,648
658,5,1,5,652
657,3,1,3,651
651,8,1,2,645
659,3,2,5,653
660,4,1,3,654
661,4,2,5,655
662,2,1,5,656
663,4,1,5,657
664,7,1,5,658
665,2,2,2,659
666,3,2,2,611
667,3,2,3,660
668,3,1,3,661
669,2,2,2,662
670,2,1,1,663
671,3,2,4,664
672,4,1,5,665
673,5,1,4,666
674,2,1,3,667
675,2,2,2,668
677,3,1,3,670
676,9,2,2,669
678,3,1,5,671
679,5,1,3,672
680,5,1,3,673
682,7,2,3,675
681,2,1,3,674
683,3,1,5,676
684,5,1,2,677
685,4,1,5,678
686,6,1,3,679
687,2,1,3,680
688,2,2,5,681
689,5,2,3,682
690,3,2,5,683
691,2,1,3,684
692,6,2,2,685
693,7,2,1,686
694,7,2,3,687
695,3,1,3,688
696,4,2,2,689
697,2,1,3,690
698,7,1,5,691
699,3,2,3,692
701,2,2,3,694
700,5,1,2,693
702,4,1,5,695
703,4,1,1,696
704,2,1,5,697
705,2,2,2,698
706,3,2,1,699
707,5,2,2,700
708,2,1,5,701
709,5,2,3,702
710,4,1,3,703
713,4,2,4,706
712,4,1,2,705
711,6,2,3,704
714,4,2,5,707
714,4,2,5,707
715,3,2,2,708
716,3,2,3,709
714,4,2,5,707
717,2,2,2,710
714,4,2,5,707
718,4,1,2,711
714,4,2,5,707
719,4,1,2,712
714,4,2,5,707
720,3,2,3,713
721,2,1,3,714
722,3,1,2,715
714,4,2,5,707
723,3,1,2,716
725,2,1,3,605
714,4,2,5,707
714,4,2,5,707
727,3,2,5,719
724,6,1,5,717
726,4,1,5,718
714,4,2,5,707
728,3,2,4,207
729,2,1,3,720
714,4,2,5,707
714,4,2,5,707
730,5,1,3,721
731,2,1,5,722
732,4,2,5,723
734,3,1,3,725
735,8,1,3,726
733,5,1,5,724
1369,2,1,2,1333
737,3,1,2,728
736,6,1,3,727
739,4,1,3,730
740,8,2,2,731
738,4,2,5,729
741,10,2,5,732
747,5,2,5,738
742,3,2,3,733
743,3,1,3,734
744,5,1,3,735
746,2,1,5,737
745,2,1,2,736
748,3,2,3,739
750,7,1,4,741
751,2,1,5,742
749,10,1,1,740
752,7,2,2,743
753,7,2,2,744
754,2,1,2,745
755,9,2,1,706
756,2,2,5,746
757,6,2,5,747
759,2,1,5,749
760,4,1,4,750
761,3,2,3,751
763,3,1,3,753
762,4,2,5,752
758,3,1,5,748
764,3,2,5,754
765,2,2,2,755
766,2,1,2,756
768,4,2,5,758
769,3,1,3,759
770,4,1,5,760
772,2,1,3,762
771,5,1,3,761
773,10,1,3,763
731,2,1,4,764
774,2,1,2,765
775,2,1,5,766
776,4,2,2,767
756,2,2,5,768
778,6,2,2,770
777,2,1,1,769
781,5,2,5,773
779,4,1,5,771
780,4,1,4,772
783,2,1,3,775
782,5,1,4,774
756,2,2,5,776
785,2,1,2,778
767,3,1,5,757
779,4,1,5,780
786,3,1,3,779
786,3,1,3,779
787,3,1,5,781
788,2,2,2,782
789,3,1,2,783
784,4,2,5,777
790,9,1,5,784
791,3,2,5,785
792,3,1,2,786
793,2,1,2,787
1370,5,1,5,788
795,2,1,3,789
797,6,2,5,791
798,2,1,5,792
799,9,2,2,794
800,4,2,3,795
801,3,1,3,796
802,5,1,4,797
802,5,1,4,797
802,5,1,4,798
1370,5,1,5,788
803,6,1,5,799
1370,5,1,5,788
804,4,2,5,800
796,2,2,2,793
805,4,2,5,801
806,3,1,1,802
807,4,1,3,803
808,4,1,3,804
809,2,1,1,805
1370,5,1,4,788
811,6,1,2,807
810,6,1,3,806
1370,5,1,4,788
812,4,2,5,808
813,3,1,3,809
814,5,2,3,810
1371,2,1,2,811
1370,5,1,4,788
1371,2,1,2,811
816,3,2,3,812
817,8,1,1,813
1370,5,1,4,788
1371,2,1,2,811
818,2,2,2,802
1371,2,1,2,811
1371,2,1,2,811
1370,5,1,4,788
819,3,1,4,814
820,6,1,4,815
1370,5,1,4,788
1371,2,1,2,811
821,5,1,3,816
1370,5,1,4,788
1371,2,1,2,811
1370,5,1,4,788
1371,2,1,2,811
1371,2,1,2,811
1370,5,1,4,788
1371,2,1,2,811
1371,2,1,2,811
1370,5,1,4,788
823,4,2,3,818
822,4,2,5,817
825,3,1,2,820
824,6,2,3,819
1370,5,1,4,788
826,3,2,2,821
1371,2,1,3,811
1370,5,1,4,788
1371,2,1,2,811
827,4,2,5,822
1370,5,1,4,788
828,9,1,2,823
1370,5,1,4,788
830,4,2,3,824
829,2,1,5,814
1370,5,1,4,788
1370,5,1,4,788
1370,5,1,4,788
1370,5,1,4,788
831,2,1,2,825
1370,5,1,4,788
832,4,1,3,826
833,4,1,3,827
1370,5,1,4,788
1370,5,1,4,788
834,2,2,2,828
1370,5,1,4,788
1370,5,1,4,788
835,6,1,5,829
836,4,1,2,830
837,4,1,5,808
838,9,2,2,831
839,2,1,5,832
840,4,1,3,833
841,2,2,2,834
842,4,1,3,835
843,5,2,2,836
844,2,1,5,837
845,3,1,3,838
846,3,2,5,814
847,7,1,2,839
849,2,2,2,841
848,5,1,3,840
850,5,1,5,842
851,4,1,2,844
852,2,1,2,845
853,6,1,5,846
854,2,1,2,847
822,4,2,5,843
855,4,1,5,517
857,2,2,3,849
856,2,1,5,848
858,2,1,2,850
859,6,1,5,851
1372,4,1,5,852
861,2,1,4,853
863,3,2,3,855
1372,4,1,5,852
1372,4,1,5,852
1372,4,1,5,852
862,9,1,2,854
864,3,1,5,856
865,4,1,5,857
867,2,2,3,859
866,4,2,2,858
868,3,2,4,860
869,4,2,5,842
870,5,2,2,861
871,6,1,3,862
872,8,2,3,863
872,8,2,3,865
873,3,2,5,864
875,3,1,3,867
876,5,2,5,868
877,6,2,1,869
1373,2,2,2,870
1373,2,2,2,870
1373,2,2,2,870
879,2,1,2,871
881,5,2,4,873
880,2,1,2,872
1374,6,1,2,874
1373,2,2,2,870
874,4,1,5,866
884,2,1,3,495
883,6,2,5,875
885,2,1,2,876
886,4,1,2,877
887,2,1,2,878
888,10,1,5,879
889,4,2,3,880
890,3,2,3,881
891,7,1,2,882
892,5,2,5,883
893,3,1,3,884
894,2,1,3,885
896,3,2,2,887
897,4,1,3,888
898,3,1,1,889
900,3,1,1,891
895,3,1,3,886
902,3,1,1,893
903,4,1,3,894
901,4,2,2,892
904,2,1,2,895
899,6,2,5,890
905,5,2,3,896
906,4,2,2,897
907,2,1,2,898
908,4,1,5,899
909,4,1,5,900
910,7,1,3,901
911,3,1,2,902
912,3,2,5,903
914,3,1,5,905
913,6,2,5,904
915,2,1,5,906
916,5,1,3,907
917,9,2,3,908
918,2,2,2,909
919,2,1,3,910
921,2,2,3,894
920,3,1,2,911
922,3,1,3,912
923,2,1,2,913
924,3,2,3,914
925,3,1,3,915
927,4,2,5,917
928,3,1,3,918
926,3,1,5,916
929,5,1,3,919
931,5,2,3,921
932,2,2,3,922
933,3,2,5,900
930,4,1,2,920
934,2,1,3,923
935,10,1,5,924
936,2,1,2,925
937,2,1,1,926
938,2,1,4,927
939,2,1,2,928
940,10,2,5,924
941,4,1,5,900
942,2,1,5,929
943,3,2,5,930
944,3,1,5,931
945,5,1,5,924
946,3,2,3,932
948,4,2,3,934
949,2,2,2,935
947,2,1,2,933
950,3,1,3,936
951,1,1,2,937
952,3,1,4,916
953,2,2,5,938
954,3,1,2,939
955,3,1,5,931
957,6,2,5,941
956,3,1,3,940
958,3,1,2,942
959,3,1,5,943
960,3,2,4,944
962,2,1,2,946
961,5,1,5,945
963,3,1,3,932
965,2,1,3,948
966,3,1,5,949
1375,3,2,5,950
968,3,1,5,951
1375,3,2,5,950
1375,3,2,5,950
1375,3,2,5,950
970,2,2,2,953
1375,3,2,5,950
969,6,2,5,952
1375,3,2,5,950
1375,3,2,5,950
964,2,1,3,947
971,5,1,4,954
1375,3,2,5,950
1375,3,2,5,950
1375,3,2,5,950
1375,3,2,5,950
1376,2,2,5,955
973,3,1,3,956
1376,2,2,5,955
1375,3,2,5,950
974,6,2,3,957
975,4,1,3,958
977,5,2,3,959
1376,2,2,5,955
978,6,1,3,960
976,7,2,3,947
979,2,1,4,961
980,2,1,3,962
982,9,1,3,964
981,3,2,4,963
983,4,1,1,965
984,3,1,5,966
985,4,1,5,967
986,7,2,5,969
983,4,1,1,968
987,2,1,2,970
988,2,1,2,971
990,2,1,1,973
989,6,1,3,972
991,4,2,3,974
992,3,2,4,975
993,5,2,3,976
994,8,1,5,977
995,8,1,2,978
996,2,1,3,979
1377,7,2,2,980
1377,7,2,2,980
998,9,2,1,981
1377,7,2,2,980
999,2,2,2,982
1377,7,2,2,980
1377,7,2,2,980
1377,7,2,2,980
1377,7,2,2,980
1000,3,1,1,983
1377,7,2,2,980
1377,7,2,2,980
1377,7,2,2,980
1001,2,1,4,984
1377,7,2,2,980
1002,3,2,1,985
1377,7,2,2,980
1003,3,2,4,986
1377,7,2,2,980
1004,4,2,1,987
1377,7,2,2,980
1005,6,1,3,988
1006,2,1,2,989
1006,2,1,3,990
1007,2,2,1,991
1008,2,2,4,992
1009,5,1,5,993
1010,5,2,5,994
1009,5,1,5,995
1011,4,2,2,996
1013,3,1,5,998
1012,2,1,3,997
1015,3,2,3,1000
1016,4,2,5,1001
1017,3,1,5,1002
1018,3,1,3,1003
1019,7,2,1,1004
1014,4,1,4,999
1020,3,2,2,1005
1021,4,1,5,1002
1023,3,1,3,1007
1024,2,1,1,1008
1025,3,1,5,1009
1026,2,2,5,1010
1022,3,1,5,1006
1027,3,1,5,1011
1028,4,2,5,1012
1030,5,1,3,1014
1029,3,2,5,1013
1031,4,1,3,1015
1032,2,2,5,1010
1033,2,1,5,1016
1034,4,1,4,1017
1035,3,1,3,1018
1036,3,2,5,1019
1038,2,2,2,1021
1037,3,1,5,1020
1039,6,2,3,1022
1040,2,1,3,1023
1041,2,2,3,1024
1042,9,2,3,1025
1043,6,2,3,1026
1044,4,1,3,1027
1045,2,1,3,1028
1046,3,2,5,1029
1047,5,1,2,1030
1048,4,1,5,1031
1049,4,1,5,1032
1050,2,2,3,1033
1051,5,1,2,1034
1052,7,1,3,1035
1053,4,1,4,1020
1054,4,1,3,1036
1055,4,1,2,1037
1056,2,2,3,1038
1059,2,1,3,1041
1378,3,2,5,1040
1378,3,2,5,1040
1060,4,1,2,1042
1378,3,2,5,1040
1061,4,1,1,1043
1062,3,2,2,1044
1063,3,2,4,1045
1064,4,1,1,1043
1378,3,2,5,1040
1378,3,2,5,1040
1378,3,2,5,1040
1065,3,1,3,1046
1066,4,1,1,1047
1378,3,2,4,1040
1378,3,2,5,1040
1378,3,2,5,1040
1378,3,2,5,1040
1378,3,2,5,1040
1067,10,2,4,1048
1068,5,1,3,1049
1069,3,1,3,1050
1070,3,1,3,1051
1071,2,2,4,1052
1071,2,2,4,1052
1072,10,2,3,732
1073,8,1,5,1053
1075,3,1,3,1055
1076,2,1,3,1056
1077,4,1,5,1057
1078,3,1,5,1058
1079,2,2,3,1059
1080,6,2,3,732
1081,3,1,3,1060
1082,2,1,1,1061
1083,5,2,2,1062
1084,2,2,3,1063
1379,4,2,5,1065
1087,3,1,2,1066
1379,4,2,5,1065
1088,4,1,1,1067
1089,7,2,2,1068
1085,4,1,3,1064
1379,4,2,5,1065
1090,4,1,5,1069
1091,4,2,3,1070
1092,2,1,3,1071
1093,3,1,5,1072
1094,3,1,1,1073
1095,2,1,3,1074
1097,4,1,5,1076
1099,7,1,1,1078
1100,4,1,5,1079
1098,3,1,5,1077
1101,4,2,5,1080
1096,9,2,2,1075
1102,8,2,2,1081
1103,6,1,3,1082
1104,2,1,5,1083
1105,3,2,1,1084
1106,8,2,3,1085
1107,8,2,3,1086
1108,3,1,4,1087
1109,2,1,3,1088
1110,6,2,3,1089
1111,3,1,5,1090
1112,3,1,3,1091
1113,4,1,5,1092
1114,5,2,3,1093
1109,2,1,3,1094
1115,2,2,3,1095
1116,5,2,2,1096
1117,5,1,5,1097
1118,6,2,2,1098
1119,6,1,2,1099
1120,2,2,5,1100
1121,3,1,3,1101
1122,2,2,3,1102
1124,4,2,3,1104
1123,10,2,3,1103
1125,2,2,4,1105
1126,3,2,3,1106
1127,4,2,5,1107
1128,2,2,1,1108
1129,3,2,5,1109
1131,2,2,3,1111
1133,2,1,1,1113
1132,3,2,3,1112
1135,3,2,2,1115
1134,2,1,4,1114
1130,2,2,2,1110
1137,3,1,3,1117
1138,2,1,2,1118
1140,6,1,2,1120
1139,5,1,3,1119
1141,4,2,3,1121
1142,3,1,3,1122
1136,6,2,3,1116
1143,3,1,5,1123
1144,5,2,3,1124
1145,5,2,4,1125
1146,5,1,5,1126
1148,7,2,4,1128
1149,3,1,5,1129
1150,4,2,1,1130
1151,3,1,5,1131
1152,4,2,4,1132
1153,3,1,3,1133
1154,6,1,3,1134
1155,4,2,3,1135
1156,3,1,2,1106
1157,3,1,3,1136
1159,2,2,3,1138
1158,7,1,2,1137
1160,4,1,5,1126
1380,3,1,1,1139
1162,4,2,5,1140
1163,6,2,5,1141
1164,4,2,4,1142
1380,3,1,1,1139
1166,2,1,4,1144
1380,3,1,1,1139
1165,3,2,3,1143
1380,3,1,1,1139
1167,2,1,2,1145
1168,3,2,5,1146
1380,3,1,1,1139
1169,2,1,3,1147
1380,3,1,1,1139
1170,4,2,3,1148
1380,3,1,1,1139
1168,3,2,5,1149
1171,7,1,4,1150
1172,4,1,1,1151
1173,3,1,5,1126
1174,6,2,2,1137
1175,3,1,5,1152
1176,10,1,3,1153
1177,2,1,3,1154
1178,2,1,1,1155
1179,2,1,2,1156
1180,3,1,2,1157
1182,3,1,1,1159
1183,5,1,3,1160
1181,3,1,3,1158
1184,2,1,2,1161
1185,3,1,1,1162
1186,2,1,1,1163
1187,6,1,3,1164
1188,5,1,5,1165
1189,3,1,5,1166
1190,4,1,2,1167
1191,7,2,1,1168
1192,9,2,5,1169
1193,3,2,3,1170
73,0,0,0,71
1194,3,2,5,1171
1195,3,2,3,1172
1196,4,1,3,1173
1197,2,1,2,1174
1198,3,2,3,1175
1199,3,2,5,1176
1200,3,1,3,1177
1202,6,2,5,1150
1201,5,1,1,1178
1203,3,1,5,1179
1204,2,1,2,1180
1205,6,2,2,1181
1206,3,1,4,1182
1207,5,1,5,1183
1208,3,2,2,1184
1209,4,1,3,1185
1210,8,1,4,1186
1211,2,1,5,1187
1212,4,1,3,1188
1213,6,2,2,1189
1214,4,1,3,1190
1215,2,1,5,1191
1216,4,1,2,1192
1218,3,1,3,1194
1217,4,1,3,1193
1220,2,1,4,1196
1219,10,1,2,1195
1221,3,2,5,1197
1222,2,2,1,1198
1223,3,1,5,1199
1224,9,2,5,1200
1225,2,2,5,1201
1226,5,2,5,1202
1227,4,2,1,1203
1228,3,1,3,1204
1229,10,2,2,1205
1230,3,2,3,1206
1231,3,1,1,1207
1233,2,2,1,1209
1381,2,2,2,1210
1381,2,2,2,1210
1235,3,1,3,1211
1381,2,2,2,1210
1236,3,2,1,1212
1381,2,2,2,1210
1381,2,2,2,1210
1381,2,2,2,1210
1381,2,2,2,1210
1381,2,2,2,1210
1381,2,2,2,1210
1381,2,2,2,1210
1381,2,2,2,1210
1381,2,2,2,1210
1381,2,2,2,1210
1381,2,2,2,1210
1381,2,2,2,1210
1381,2,2,2,1210
1381,2,2,2,1210
1381,2,2,2,1210
1381,2,2,2,1210
1381,2,2,2,1210
1381,2,2,2,1210
1237,2,1,3,1213
1238,6,2,2,1214
1381,2,2,2,1210
1232,6,2,5,1208
1381,2,2,2,1210
1239,4,2,2,1215
1240,5,2,2,1216
1241,2,2,5,1217
1242,3,1,2,1218
1243,4,1,5,1219
1245,4,1,4,1221
1246,3,1,3,1222
1244,7,2,3,1220
1247,6,2,3,1223
1248,3,2,1,1224
1249,2,2,2,1225
1250,5,2,3,1226
1251,9,2,3,1227
1252,7,1,1,1228
1253,2,1,3,1229
1254,7,2,5,1230
1255,4,1,3,1231
1256,8,2,3,1232
1257,4,1,3,1233
1259,4,2,3,1234
1260,3,1,3,1235
1258,4,1,1,1195
1261,10,2,5,1236
1262,2,1,3,1237
1263,8,1,2,1238
1264,5,2,5,1239
1265,6,2,2,1240
1266,10,1,3,1241
1267,2,1,4,1242
1268,4,1,3,1243
1269,3,2,3,1244
1270,8,1,3,1245
1271,3,2,5,1246
1272,4,1,2,1247
1273,4,2,3,1248
1274,3,1,5,101
1276,4,2,5,1250
1275,8,1,3,1249
1277,2,2,3,1251
1278,5,2,2,1252
1279,2,2,2,1253
1280,4,2,5,1254
1281,3,2,3,1255
1282,3,1,3,1256
1283,4,2,2,1257
1284,2,2,2,1258
1285,5,2,5,1259
1286,6,1,3,1260
1287,2,1,5,1261
1288,2,2,3,1262
34,4,2,5,1263
1289,4,1,3,1264
1290,3,1,2,1265
1291,9,2,3,1266
1292,2,1,2,1267
1293,3,2,3,1268
1294,5,1,3,1269
1295,4,1,5,1270
1297,4,1,3,1272
1296,3,2,4,1271
1298,5,2,3,1273
1299,3,2,4,1274
1300,4,1,5,1275
1301,7,2,3,1276
1302,5,1,3,1277
1303,4,2,3,1278
1304,2,1,2,1279
1305,4,1,4,1280
1307,6,2,2,1282
1309,10,2,1,1284
1311,2,1,3,1286
1312,3,1,3,1287
1313,9,1,5,1288
1306,5,2,1,1281
1310,2,1,2,1285
1314,5,1,1,1289
1316,4,1,5,1291
1315,3,1,3,1290
1318,8,2,3,1293
1317,2,1,2,1292
1319,7,2,3,1294
1320,3,1,5,1295
1321,2,2,2,1296
1322,8,2,3,1297
1323,2,1,4,1298
1324,3,1,3,1299
1325,2,2,2,1300
1326,4,1,3,1301
1327,4,2,3,1302
1328,2,2,5,1303
1329,3,2,3,1304
1330,9,2,1,1305
1332,2,1,2,1307
1331,3,1,5,1306
1333,3,2,2,1308
1335,2,1,3,1310
1336,3,2,3,1311
1382,2,1,1,1309
1382,2,1,1,1309
1337,5,2,3,1312
1338,6,1,3,1313
1383,3,2,5,1314
1343,3,1,3,1318
1341,2,1,2,1316
1340,5,2,4,1315
1342,5,1,5,1317
1344,2,1,1,1319
1345,4,1,3,1320
1346,10,1,3,1321
1347,5,1,2,1322
1348,5,1,1,1323
1384,6,2,5,1334
1349,3,1,2,1324
54,3,1,1,1326
1350,3,1,2,1325
1351,4,1,5,1327
1352,8,2,2,1328
1353,3,2,5,1329
1385,2,2,5,1330
1385,2,2,5,1330
1385,2,2,5,1330
1385,2,2,5,1330
1355,5,2,5,1331
1385,2,2,5,1330
1385,2,2,5,1330
1385,2,2,5,1330
1385,2,2,5,1330
1385,2,2,5,1330
1356,2,1,2,1332
1386,2,2,2,1335
73,0,0,0,71
73,0,0,0,71
